Gilt Name;Close of Business Date;ISIN;Type;Coupon;Maturity;Clean Price;Dirty Price;Yield;Mod Duration;Accrued Interest;Closest Ex-Dividend Date 
UKT 6 12/28;06.12.17;GB0002404191;Conventional;6;07.12.28;148,37;148,37;1,273564;8,718894;N/A;28.11.17
UKT 6 12/28;06.06.18;GB0002404191;Conventional;6;07.12.28;143,98;143,98;1,465586;8,363691;N/A;29.05.18
UKT 6 12/28;06.12.18;GB0002404191;Conventional;6;07.12.28;145,33;145,33;1,180762;8,069785;N/A;28.11.18
UKT 6 12/28;06.06.19;GB0002404191;Conventional;6;07.12.28;147,539;147,539;0,794693;7,775689;N/A;29.05.19
UKT 6 12/28;04.12.20;GB0002404191;Conventional;6;07.12.28;145,597;145,597;0,24166;6,763957;N/A;26.11.20
UKT 6 12/28;04.06.21;GB0002404191;Conventional;6;07.12.28;139,263;139,263;0,631684;6,367732;N/A;26.05.21
UKT 6 12/28;06.12.21;GB0002404191;Conventional;6;07.12.28;137,289;137,289;0,560379;6,002702;N/A;26.11.21
UKT 6 12/28;06.06.22;GB0002404191;Conventional;6;07.12.28;124,494;124,494;1,967164;5,547229;N/A;25.05.22
UKT 4.25 06/32;06.12.17;GB0004893086;Conventional;4,25;07.06.32;134,94;134,94;1,550116;11,448075;N/A;28.11.17
UKT 4.25 06/32;06.06.18;GB0004893086;Conventional;4,25;07.06.32;132,02;132,02;1,674743;11,096482;N/A;29.05.18
UKT 4.25 06/32;06.12.18;GB0004893086;Conventional;4,25;07.06.32;134,32;134,32;1,442994;10,823023;N/A;28.11.18
UKT 4.25 06/32;06.06.19;GB0004893086;Conventional;4,25;07.06.32;138,99;138,99;1,036429;10,572563;N/A;29.05.19
UKT 4.25 06/32;04.12.20;GB0004893086;Conventional;4,25;07.06.32;142,4;142,4;0,460348;9,624385;N/A;26.11.20
UKT 4.25 06/32;04.06.21;GB0004893086;Conventional;4,25;07.06.32;134,73;134,73;0,922548;9,198551;N/A;26.05.21
UKT 4.25 06/32;06.12.21;GB0004893086;Conventional;4,25;07.06.32;135,3;135,3;0,748055;8,862018;N/A;26.11.21
UKT 4.25 06/32;06.06.22;GB0004893086;Conventional;4,25;07.06.32;117,88;117,88;2,243927;8,320707;N/A;25.05.22
UKT 8 06/21;06.12.17;GB0009997999;Conventional;8;07.06.21;125,689;125,689;0,575555;3,159298;N/A;28.11.17
UKT 8 06/21;06.06.18;GB0009997999;Conventional;8;07.06.21;121,427;121,427;0,762108;2,744659;N/A;29.05.18
UKT 8 06/21;06.12.18;GB0009997999;Conventional;8;07.06.21;118,104;118,104;0,683939;2,323862;N/A;28.11.18
UKT 8 06/21;06.06.19;GB0009997999;Conventional;8;07.06.21;114,927;114,927;0,490668;1,891371;N/A;29.05.19
UKT 8 06/21;04.12.20;GB0009997999;Conventional;8;07.06.21;104,028;104,028;-0,05398;0,498764;N/A;26.11.20
UKT 5 03/25;06.09.17;GB0030880693;Conventional;5;07.03.25;131,41;131,41;0,694685;6,496884;N/A;29.08.17
UKT 5 03/25;06.03.18;GB0030880693;Conventional;5;07.03.25;124,932;124,932;1,266775;6,07912;N/A;26.02.18
UKT 5 03/25;06.09.18;GB0030880693;Conventional;5;07.03.25;124,354;124,354;1,106524;5,704219;N/A;29.08.18
UKT 5 03/25;06.03.19;GB0030880693;Conventional;5;07.03.25;123,502;123,502;0,959749;5,320126;N/A;26.02.19
UKT 5 03/25;04.09.20;GB0030880693;Conventional;5;07.03.25;122,863;122,863;-0,071579;4,134781;N/A;26.08.20
UKT 5 03/25;06.09.21;GB0030880693;Conventional;5;07.03.25;116,726;116,726;0,201833;3,272416;N/A;26.08.21
UKT 5 03/25;04.03.22;GB0030880693;Conventional;5;07.03.25;111,71;111,71;1,026265;2,819675;N/A;24.02.22
UKT 4.25 03/36;06.09.17;GB0032452392;Conventional;4,25;07.03.36;143,14;143,14;1,557128;13,900893;N/A;29.08.17
UKT 4.25 03/36;06.03.18;GB0032452392;Conventional;4,25;07.03.36;136,31;136,31;1,865808;13,481913;N/A;26.02.18
UKT 4.25 03/36;06.09.18;GB0032452392;Conventional;4,25;07.03.36;138,68;138,68;1,687966;13,257338;N/A;29.08.18
UKT 4.25 03/36;06.03.19;GB0032452392;Conventional;4,25;07.03.36;139,72;139,72;1,577176;12,997564;N/A;26.02.19
UKT 4.25 03/36;04.09.20;GB0032452392;Conventional;4,25;07.03.36;154,31;154,31;0,580928;12,359216;N/A;26.08.20
UKT 4.25 03/36;06.09.21;GB0032452392;Conventional;4,25;07.03.36;145,98;145,98;0,868289;11,618622;N/A;26.08.21
UKT 4.25 03/36;04.03.22;GB0032452392;Conventional;4,25;07.03.36;136,39;136,39;1,382178;11,165104;N/A;24.02.22
UKT 4.75 12/38;06.12.17;GB00B00NY175;Conventional;4,75;07.12.38;152,47;152,47;1,752664;14,930438;N/A;28.11.17
UKT 4.75 12/38;06.06.18;GB00B00NY175;Conventional;4,75;07.12.38;150,28;150,28;1,804761;14,63346;N/A;29.05.18
UKT 4.75 12/38;06.12.18;GB00B00NY175;Conventional;4,75;07.12.38;151,6;151,6;1,696713;14,417477;N/A;28.11.18
UKT 4.75 12/38;06.06.19;GB00B00NY175;Conventional;4,75;07.12.38;159,75;159,75;1,278394;14,340387;N/A;29.05.19
UKT 4.75 12/38;04.12.20;GB00B00NY175;Conventional;4,75;07.12.38;167,57;167,57;0,735319;13,68072;N/A;26.11.20
UKT 4.75 12/38;04.06.21;GB00B00NY175;Conventional;4,75;07.12.38;156,22;156,22;1,183736;13,203393;N/A;26.05.21
UKT 4.75 12/38;06.12.21;GB00B00NY175;Conventional;4,75;07.12.38;161,59;161,59;0,850991;13,018961;N/A;26.11.21
UKT 4.75 12/38;06.06.22;GB00B00NY175;Conventional;4,75;07.12.38;130,58;130,58;2,480319;12,155317;N/A;25.05.22
UKT 4.75 03/20;06.09.17;GB00B058DQ55;Conventional;4,75;07.03.20;111,568;111,568;0,114827;2,392311;N/A;29.08.17
UKT 4.75 03/20;06.03.18;GB00B058DQ55;Conventional;4,75;07.03.20;107,949;107,949;0,738731;1,927282;N/A;26.02.18
UKT 4.75 03/20;06.09.18;GB00B058DQ55;Conventional;4,75;07.03.20;106,011;106,011;0,71402;1,461337;N/A;29.08.18
UKT 4.75 03/20;06.03.19;GB00B058DQ55;Conventional;4,75;07.03.20;103,982;103,982;0,745715;0,989439;N/A;26.02.19
UKT 4.25 12/55;06.12.17;GB00B06YGN05;Conventional;4,25;07.12.55;172,25;172,25;1,673016;23,455839;N/A;28.11.17
UKT 4.25 12/55;06.06.18;GB00B06YGN05;Conventional;4,25;07.12.55;168,88;168,88;1,741076;23,123493;N/A;29.05.18
UKT 4.25 12/55;06.12.18;GB00B06YGN05;Conventional;4,25;07.12.55;168,3;168,3;1,739135;22,917001;N/A;28.11.18
UKT 4.25 12/55;06.06.19;GB00B06YGN05;Conventional;4,25;07.12.55;183,57;183,57;1,345043;23,367068;N/A;29.05.19
UKT 4.25 12/55;04.12.20;GB00B06YGN05;Conventional;4,25;07.12.55;200,97;200,97;0,887554;23,368955;N/A;26.11.20
UKT 4.25 12/55;04.06.21;GB00B06YGN05;Conventional;4,25;07.12.55;182,46;182,46;1,283975;22,527362;N/A;26.05.21
UKT 4.25 12/55;06.12.21;GB00B06YGN05;Conventional;4,25;07.12.55;203,75;203,75;0,77372;23,020977;N/A;26.11.21
UKT 4.25 12/55;06.06.22;GB00B06YGN05;Conventional;4,25;07.12.55;141,36;141,36;2,436583;20,401129;N/A;25.05.22
UKT 4.25 12/46;06.12.17;GB00B128DP45;Conventional;4,25;07.12.46;154,76;154,76;1,813507;19,253134;N/A;28.11.17
UKT 4.25 12/46;06.06.18;GB00B128DP45;Conventional;4,25;07.12.46;152,9;152,9;1,852553;18,975936;N/A;29.05.18
UKT 4.25 12/46;06.12.18;GB00B128DP45;Conventional;4,25;07.12.46;152,96;152,96;1,825685;18,765431;N/A;28.11.18
UKT 4.25 12/46;06.06.19;GB00B128DP45;Conventional;4,25;07.12.46;164,54;164,54;1,410432;18,922495;N/A;29.05.19
UKT 4.25 12/46;04.12.20;GB00B128DP45;Conventional;4,25;07.12.46;177,27;177,27;0,907137;18,567877;N/A;26.11.20
UKT 4.25 12/46;04.06.21;GB00B128DP45;Conventional;4,25;07.12.46;163,24;163,24;1,320844;17,955116;N/A;26.05.21
UKT 4.25 12/46;06.12.21;GB00B128DP45;Conventional;4,25;07.12.46;175,02;175,02;0,8945;18,01682;N/A;26.11.21
UKT 4.25 12/46;06.06.22;GB00B128DP45;Conventional;4,25;07.12.46;131,37;131,37;2,52513;16,497666;N/A;25.05.22
UKT 4.25 12/27;06.12.17;GB00B16NNR78;Conventional;4,25;07.12.27;128,36;128,36;1,227671;8,440821;N/A;28.11.17
UKT 4.25 12/27;06.06.18;GB00B16NNR78;Conventional;4,25;07.12.27;125,474;125,474;1,379727;8,060638;N/A;29.05.18
UKT 4.25 12/27;06.12.18;GB00B16NNR78;Conventional;4,25;07.12.27;127,056;127,056;1,086281;7,72145;N/A;28.11.18
UKT 4.25 12/27;06.06.19;GB00B16NNR78;Conventional;4,25;07.12.27;129,125;129,125;0,712609;7,378165;N/A;29.05.19
UKT 4.25 12/27;04.12.20;GB00B16NNR78;Conventional;4,25;07.12.27;128,593;128,593;0,143301;6,246323;N/A;26.11.20
UKT 4.25 12/27;04.06.21;GB00B16NNR78;Conventional;4,25;07.12.27;123,904;123,904;0,506888;5,824211;N/A;26.05.21
UKT 4.25 12/27;06.12.21;GB00B16NNR78;Conventional;4,25;07.12.27;121,729;121,729;0,562012;5,415653;N/A;26.11.21
UKT 4.25 12/27;06.06.22;GB00B16NNR78;Conventional;4,25;07.12.27;112,062;112,062;1,928031;4,950299;N/A;25.05.22
UKT 5 03/18;06.09.17;GB00B1VWPC84;Conventional;5;07.03.18;102,438;102,438;0,122052;0,49559;N/A;29.08.17
UKT 4.5 12/42;06.12.17;GB00B1VWPJ53;Conventional;4,5;07.12.42;153,98;153,98;1,806938;17,122744;N/A;28.11.17
UKT 4.5 12/42;06.06.18;GB00B1VWPJ53;Conventional;4,5;07.12.42;151,95;151,95;1,852493;16,836737;N/A;29.05.18
UKT 4.5 12/42;06.12.18;GB00B1VWPJ53;Conventional;4,5;07.12.42;152,78;152,78;1,786216;16,633191;N/A;28.11.18
UKT 4.5 12/42;06.06.19;GB00B1VWPJ53;Conventional;4,5;07.12.42;162,76;162,76;1,368057;16,667759;N/A;29.05.19
UKT 4.5 12/42;04.12.20;GB00B1VWPJ53;Conventional;4,5;07.12.42;172,9;172,9;0,857074;16,152415;N/A;26.11.20
UKT 4.5 12/42;04.06.21;GB00B1VWPJ53;Conventional;4,5;07.12.42;160,43;160,43;1,276937;15,620816;N/A;26.05.21
UKT 4.5 12/42;06.12.21;GB00B1VWPJ53;Conventional;4,5;07.12.42;169,37;169,37;0,876223;15,555345;N/A;26.11.21
UKT 4.5 12/42;06.06.22;GB00B1VWPJ53;Conventional;4,5;07.12.42;131,41;131,41;2,527319;14,388504;N/A;25.05.22
UKT 4.75 12/30;06.12.17;GB00B24FF097;Conventional;4,75;07.12.30;138,91;138,91;1,454253;10,319576;N/A;28.11.17
UKT 4.75 12/30;06.06.18;GB00B24FF097;Conventional;4,75;07.12.30;135,66;135,66;1,592531;9,966491;N/A;29.05.18
UKT 4.75 12/30;06.12.18;GB00B24FF097;Conventional;4,75;07.12.30;137,86;137,86;1,326753;9,684301;N/A;28.11.18
UKT 4.75 12/30;06.06.19;GB00B24FF097;Conventional;4,75;07.12.30;141,68;141,68;0,921814;9,412073;N/A;29.05.19
UKT 4.75 12/30;04.12.20;GB00B24FF097;Conventional;4,75;07.12.30;143,22;143,22;0,34849;8,428972;N/A;26.11.20
UKT 4.75 12/30;04.06.21;GB00B24FF097;Conventional;4,75;07.12.30;136,169;136,169;0,790478;8,015558;N/A;26.05.21
UKT 4.75 12/30;06.12.21;GB00B24FF097;Conventional;4,75;07.12.30;135,712;135,712;0,657015;7,663455;N/A;26.11.21
UKT 4.75 12/30;06.06.22;GB00B24FF097;Conventional;4,75;07.12.30;120,675;120,675;2,083318;7,166713;N/A;25.05.22
UKT 4.25 12/49;06.12.17;GB00B39R3707;Conventional;4,25;07.12.49;160,72;160,72;1,76011;20,702068;N/A;28.11.17
UKT 4.25 12/49;06.06.18;GB00B39R3707;Conventional;4,25;07.12.49;158,09;158,09;1,819159;20,400122;N/A;29.05.18
UKT 4.25 12/49;06.12.18;GB00B39R3707;Conventional;4,25;07.12.49;157,98;157,98;1,80103;20,195566;N/A;28.11.18
UKT 4.25 12/49;06.06.19;GB00B39R3707;Conventional;4,25;07.12.49;170,83;170,83;1,391998;20,448315;N/A;29.05.19
UKT 4.25 12/49;04.12.20;GB00B39R3707;Conventional;4,25;07.12.49;185,28;185,28;0,901565;20,216167;N/A;26.11.20
UKT 4.25 12/49;04.06.21;GB00B39R3707;Conventional;4,25;07.12.49;169,77;169,77;1,309034;19,534534;N/A;26.05.21
UKT 4.25 12/49;06.12.21;GB00B39R3707;Conventional;4,25;07.12.49;184,62;184,62;0,848349;19,725986;N/A;26.11.21
UKT 4.25 12/49;06.06.22;GB00B39R3707;Conventional;4,25;07.12.49;134,47;134,47;2,507549;17,861387;N/A;25.05.22
UKT 4.5 03/19;06.09.17;GB00B39R3F84;Conventional;4,5;07.03.19;106,529;106,529;0,141187;1,467312;N/A;29.08.17
UKT 4.5 03/19;06.03.18;GB00B39R3F84;Conventional;4,5;07.03.19;103,891;103,891;0,591724;0,983433;N/A;26.02.18
UKT 4.5 03/19;06.09.18;GB00B39R3F84;Conventional;4,5;07.03.19;101,925;101,925;0,643009;0,494314;N/A;29.08.18
UKT 4 03/22;06.09.17;GB00B3KJDQ49;Conventional;4;07.03.22;116,556;116,556;0,293812;4,186492;N/A;29.08.17
UKT 4 03/22;06.03.18;GB00B3KJDQ49;Conventional;4;07.03.22;111,993;111,993;0,938118;3,735938;N/A;26.02.18
UKT 4 03/22;06.09.18;GB00B3KJDQ49;Conventional;4;07.03.22;110,937;110,937;0,823467;3,299179;N/A;29.08.18
UKT 4 03/22;06.03.19;GB00B3KJDQ49;Conventional;4;07.03.22;109,536;109,536;0,77792;2,853194;N/A;26.02.19
UKT 4 03/22;04.09.20;GB00B3KJDQ49;Conventional;4;07.03.22;106,104;106,104;-0,066623;1,472204;N/A;26.08.20
UKT 4 03/22;06.09.21;GB00B3KJDQ49;Conventional;4;07.03.22;101,987;101,987;0,025705;0,495827;N/A;26.08.21
UKT 4.25 09/39;06.09.17;GB00B3KJDS62;Conventional;4,25;07.09.39;147,83;147,83;1,648926;15,837156;N/A;29.08.17
UKT 4.25 09/39;06.03.18;GB00B3KJDS62;Conventional;4,25;07.09.39;141;141;1,914674;15,408909;N/A;26.02.18
UKT 4.25 09/39;06.09.18;GB00B3KJDS62;Conventional;4,25;07.09.39;143,76;143,76;1,75071;15,230413;N/A;29.08.18
UKT 4.25 09/39;06.03.19;GB00B3KJDS62;Conventional;4,25;07.09.39;145,16;145,16;1,645663;15,008924;N/A;26.02.19
UKT 4.25 09/39;04.09.20;GB00B3KJDS62;Conventional;4,25;07.09.39;163,35;163,35;0,687549;14,574797;N/A;26.08.20
UKT 4.25 09/39;06.09.21;GB00B3KJDS62;Conventional;4,25;07.09.39;154,34;154,34;0,956563;13,841411;N/A;26.08.21
UKT 4.25 09/39;04.03.22;GB00B3KJDS62;Conventional;4,25;07.09.39;143,57;143,57;1,427534;13,354882;N/A;24.02.22
UKT 3.75 09/21;06.09.17;GB00B4RMG977;Conventional;3,75;07.09.21;114,018;114,018;0,227535;3,766272;N/A;29.08.17
UKT 3.75 09/21;06.03.18;GB00B4RMG977;Conventional;3,75;07.09.21;109,83;109,83;0,891149;3,308114;N/A;26.02.18
UKT 3.75 09/21;06.09.18;GB00B4RMG977;Conventional;3,75;07.09.21;108,726;108,726;0,800453;2,860411;N/A;29.08.18
UKT 3.75 09/21;06.03.19;GB00B4RMG977;Conventional;3,75;07.09.21;107,434;107,434;0,74317;2,404447;N/A;26.02.19
UKT 3.75 09/21;04.09.20;GB00B4RMG977;Conventional;3,75;07.09.21;103,786;103,786;-0,035006;0,991289;N/A;26.08.20
UKT 3.75 09/19;06.09.17;GB00B4YRFP41;Conventional;3,75;07.09.19;107,256;107,256;0,116706;1,946471;N/A;29.08.17
UKT 3.75 09/19;06.03.18;GB00B4YRFP41;Conventional;3,75;07.09.19;104,552;104,552;0,694241;1,468127;N/A;26.02.18
UKT 3.75 09/19;06.09.18;GB00B4YRFP41;Conventional;3,75;07.09.19;103,009;103,009;0,724637;0,989023;N/A;29.08.18
UKT 3.75 09/19;06.03.19;GB00B4YRFP41;Conventional;3,75;07.09.19;101,516;101,516;0,693969;0,507793;N/A;26.02.19
UKT 4.5 09/34;06.09.17;GB00B52WS153;Conventional;4,5;07.09.34;145,01;145,01;1,49247;12,90621;N/A;29.08.17
UKT 4.5 09/34;06.03.18;GB00B52WS153;Conventional;4,5;07.09.34;137,77;137,77;1,836239;12,488649;N/A;26.02.18
UKT 4.5 09/34;06.09.18;GB00B52WS153;Conventional;4,5;07.09.34;140,07;140,07;1,642044;12,251735;N/A;29.08.18
UKT 4.5 09/34;06.03.19;GB00B52WS153;Conventional;4,5;07.09.34;141,05;141,05;1,517873;11,982637;N/A;26.02.19
UKT 4.5 09/34;04.09.20;GB00B52WS153;Conventional;4,5;07.09.34;154,03;154,03;0,499412;11,276429;N/A;26.08.20
UKT 4.5 09/34;06.09.21;GB00B52WS153;Conventional;4,5;07.09.34;145,52;145,52;0,80501;10,533573;N/A;26.08.21
UKT 4.5 09/34;04.03.22;GB00B52WS153;Conventional;4,5;07.09.34;136,24;136,24;1,341283;10,09277;N/A;24.02.22
UKT 4 01/60;19.01.18;GB00B54QLM75;Conventional;4;22.01.60;170,33;170,33;1,665421;25,397977;N/A;11.01.18
UKT 4 01/60;21.01.19;GB00B54QLM75;Conventional;4;22.01.60;166,55;166,55;1,727849;24,85944;N/A;11.01.19
UKT 4 01/60;19.07.19;GB00B54QLM75;Conventional;4;22.01.60;185,55;185,55;1,284273;25,570988;N/A;11.07.19
UKT 4 01/60;21.01.20;GB00B54QLM75;Conventional;4;22.01.60;196,29;196,29;1,047248;25,817643;N/A;13.01.20
UKT 4 01/60;21.07.20;GB00B54QLM75;Conventional;4;22.01.60;220,25;220,25;0,585605;26,464331;N/A;13.07.20
UKT 4 01/60;21.01.21;GB00B54QLM75;Conventional;4;22.01.60;205,11;205,11;0,836063;25,737064;N/A;13.01.21
UKT 4 01/60;21.07.21;GB00B54QLM75;Conventional;4;22.01.60;196,88;196,88;0,975523;25,231558;N/A;13.07.21
UKT 4 01/60;21.07.22;GB00B54QLM75;Conventional;4;22.01.60;139,2;139,2;2,406998;22,195044;N/A;13.07.22
UKT 3.75 09/20;06.09.17;GB00B582JV65;Conventional;3,75;07.09.20;110,734;110,734;0,161858;2,870922;N/A;29.08.17
UKT 3.75 09/20;06.03.18;GB00B582JV65;Conventional;3,75;07.09.20;107,272;107,272;0,805941;2,403619;N/A;26.02.18
UKT 3.75 09/20;06.09.18;GB00B582JV65;Conventional;3,75;07.09.20;105,999;105,999;0,723331;1,940234;N/A;29.08.18
UKT 3.75 09/20;06.03.19;GB00B582JV65;Conventional;3,75;07.09.20;104,489;104,489;0,735301;1,467818;N/A;26.02.19
UKT 4.25 12/40;06.12.17;GB00B6460505;Conventional;4,25;07.12.40;146,14;146,14;1,793051;16,281638;N/A;28.11.17
UKT 4.25 12/40;06.06.18;GB00B6460505;Conventional;4,25;07.12.40;144,32;144,32;1,836423;15,989218;N/A;29.05.18
UKT 4.25 12/40;06.12.18;GB00B6460505;Conventional;4,25;07.12.40;145,31;145,31;1,757717;15,771108;N/A;28.11.18
UKT 4.25 12/40;06.06.19;GB00B6460505;Conventional;4,25;07.12.40;154,14;154,14;1,342579;15,739157;N/A;29.05.19
UKT 4.25 12/40;04.12.20;GB00B6460505;Conventional;4,25;07.12.40;163,24;163,24;0,816398;15,132847;N/A;26.11.20
UKT 4.25 12/40;04.06.21;GB00B6460505;Conventional;4,25;07.12.40;151,93;151,93;1,242943;14,630417;N/A;26.05.21
UKT 4.25 12/40;06.12.21;GB00B6460505;Conventional;4,25;07.12.40;158,65;158,65;0,888456;14,487796;N/A;26.11.21
UKT 4.25 12/40;06.06.22;GB00B6460505;Conventional;4,25;07.12.40;125,45;125,45;2,52029;13,489318;N/A;25.05.22
UKT 3.75 07/52;19.01.18;GB00B6RNH572;Conventional;3,75;22.07.52;151,29;151,29;1,760189;22,33823;N/A;11.01.18
UKT 3.75 07/52;21.01.19;GB00B6RNH572;Conventional;3,75;22.07.52;149,73;149,73;1,774459;21,868096;N/A;11.01.19
UKT 3.75 07/52;19.07.19;GB00B6RNH572;Conventional;3,75;22.07.52;164,76;164,76;1,322079;22,264107;N/A;11.07.19
UKT 3.75 07/52;21.01.20;GB00B6RNH572;Conventional;3,75;22.07.52;172,24;172,24;1,100174;22,308616;N/A;13.01.20
UKT 3.75 07/52;21.07.20;GB00B6RNH572;Conventional;3,75;22.07.52;190,15;190,15;0,633283;22,636541;N/A;13.07.20
UKT 3.75 07/52;21.01.21;GB00B6RNH572;Conventional;3,75;22.07.52;178,86;178,86;0,878639;22,061068;N/A;13.01.21
UKT 3.75 07/52;21.07.21;GB00B6RNH572;Conventional;3,75;22.07.52;171,71;171,71;1,038519;21,601635;N/A;13.07.21
UKT 3.75 07/52;21.07.22;GB00B6RNH572;Conventional;3,75;22.07.52;125,8;125,8;2,519301;19,376316;N/A;13.07.22
UKT 1.75 09/22;06.09.17;GB00B7L9SL19;Conventional;1,75;07.09.22;106,678;106,678;0,399676;4,807187;N/A;29.08.17
UKT 1.75 09/22;06.03.18;GB00B7L9SL19;Conventional;1,75;07.09.22;103,157;103,157;1,030251;4,327612;N/A;26.02.18
UKT 1.75 09/22;06.09.18;GB00B7L9SL19;Conventional;1,75;07.09.22;103,297;103,297;0,908806;3,865444;N/A;29.08.18
UKT 1.75 09/22;06.03.19;GB00B7L9SL19;Conventional;1,75;07.09.22;103,202;103,202;0,820076;3,398007;N/A;26.02.19
UKT 1.75 09/22;04.09.20;GB00B7L9SL19;Conventional;1,75;07.09.22;103,689;103,689;-0,092371;1,975577;N/A;26.08.20
UKT 1.75 09/22;06.09.21;GB00B7L9SL19;Conventional;1,75;07.09.22;101,696;101,696;0,053322;0,995132;N/A;26.08.21
UKT 1.75 09/22;04.03.22;GB00B7L9SL19;Conventional;1,75;07.09.22;100,55;100,55;0,641175;0,502485;N/A;24.02.22
UKT 2.25 09/23;06.09.17;GB00B7Z53659;Conventional;2,25;07.09.23;110,116;110,116;0,534565;5,651618;N/A;29.08.17
UKT 2.25 09/23;06.03.18;GB00B7Z53659;Conventional;2,25;07.09.23;105,866;105,866;1,146424;5,184626;N/A;26.02.18
UKT 2.25 09/23;06.09.18;GB00B7Z53659;Conventional;2,25;07.09.23;106,062;106,062;1,003878;4,741868;N/A;29.08.18
UKT 2.25 09/23;06.03.19;GB00B7Z53659;Conventional;2,25;07.09.23;106,062;106,062;0,873307;4,293074;N/A;26.02.19
UKT 2.25 09/23;04.09.20;GB00B7Z53659;Conventional;2,25;07.09.23;107,034;107,034;-0,090937;2,922415;N/A;26.08.20
UKT 2.25 09/23;06.09.21;GB00B7Z53659;Conventional;2,25;07.09.23;104,293;104,293;0,100795;1,966675;N/A;26.08.21
UKT 2.25 09/23;04.03.22;GB00B7Z53659;Conventional;2,25;07.09.23;101,693;101,693;1,108796;1,475348;N/A;24.02.22
UKT 3.25 01/44;19.01.18;GB00B84Z9V04;Conventional;3,25;22.01.44;128,1;128,1;1,878872;18,650003;N/A;11.01.18
UKT 3.25 01/44;21.01.19;GB00B84Z9V04;Conventional;3,25;22.01.44;128,24;128,24;1,836263;18,15182;N/A;11.01.19
UKT 3.25 01/44;19.07.19;GB00B84Z9V04;Conventional;3,25;22.01.44;139,48;139,48;1,351664;18,235855;N/A;11.07.19
UKT 3.25 01/44;21.01.20;GB00B84Z9V04;Conventional;3,25;22.01.44;144,23;144,23;1,138616;18,093714;N/A;13.01.20
UKT 3.25 01/44;21.07.20;GB00B84Z9V04;Conventional;3,25;22.01.44;156,52;156,52;0,652019;18,110839;N/A;13.07.20
UKT 3.25 01/44;21.01.21;GB00B84Z9V04;Conventional;3,25;22.01.44;149,6;149,6;0,866737;17,664823;N/A;13.01.21
UKT 3.25 01/44;21.07.21;GB00B84Z9V04;Conventional;3,25;22.01.44;144,3;144,3;1,037333;17,253779;N/A;13.07.21
UKT 3.25 01/44;21.07.22;GB00B84Z9V04;Conventional;3,25;22.01.44;110,98;110,98;2,581339;15,774724;N/A;13.07.22
UKT 1.25 07/18;19.01.18;GB00B8KP6M44;Conventional;1,25;22.07.18;100,407;100,407;0,435426;0,49755;N/A;11.01.18
UKT 3.5 07/68;19.01.18;GB00BBJNQY21;Conventional;3,5;22.07.68;164,25;164,25;1,628687;29,475195;N/A;11.01.18
UKT 3.5 07/68;21.01.19;GB00BBJNQY21;Conventional;3,5;22.07.68;158,67;158,67;1,730633;28,788303;N/A;11.01.19
UKT 3.5 07/68;19.07.19;GB00BBJNQY21;Conventional;3,5;22.07.68;180,48;180,48;1,282622;29,950579;N/A;11.07.19
UKT 3.5 07/68;21.01.20;GB00BBJNQY21;Conventional;3,5;22.07.68;192,94;192,94;1,049756;30,420401;N/A;13.01.20
UKT 3.5 07/68;21.07.20;GB00BBJNQY21;Conventional;3,5;22.07.68;223,34;223,34;0,563597;31,56729;N/A;13.07.20
UKT 3.5 07/68;21.01.21;GB00BBJNQY21;Conventional;3,5;22.07.68;205,72;205,72;0,812693;30,628577;N/A;13.01.21
UKT 3.5 07/68;21.07.21;GB00BBJNQY21;Conventional;3,5;22.07.68;197,17;197,17;0,938436;30,046474;N/A;13.07.21
UKT 3.5 07/68;21.07.22;GB00BBJNQY21;Conventional;3,5;22.07.68;131,58;131,58;2,369083;25,770871;N/A;13.07.22
UKT 0.5 07/22;19.01.18;GB00BD0PCK97;Conventional;0,5;22.07.22;98,428;98,428;0,856859;4,435922;N/A;11.01.18
UKT 0.5 07/22;21.01.19;GB00BD0PCK97;Conventional;0,5;22.07.22;98,784;98,784;0,853384;3,458967;N/A;11.01.19
UKT 0.5 07/22;19.07.19;GB00BD0PCK97;Conventional;0,5;22.07.22;100,1;100,1;0,466394;2,974434;N/A;11.07.19
UKT 0.5 07/22;21.01.20;GB00BD0PCK97;Conventional;0,5;22.07.22;100,3;100,3;0,379316;2,482876;N/A;13.01.20
UKT 0.5 07/22;21.07.20;GB00BD0PCK97;Conventional;0,5;22.07.22;101,224;101,224;-0,11115;1,993692;N/A;13.07.20
UKT 0.5 07/22;21.01.21;GB00BD0PCK97;Conventional;0,5;22.07.22;100,903;100,903;-0,10139;1,49704;N/A;13.01.21
UKT 0.5 07/22;21.07.21;GB00BD0PCK97;Conventional;0,5;22.07.22;100,41;100,41;0,089724;0,997883;N/A;13.07.21
UKT 1.75 07/57;19.01.18;GB00BD0XH204;Conventional;1,75;22.07.57;101,68;101,68;1,691516;28,543207;N/A;11.01.18
UKT 1.75 07/57;21.01.19;GB00BD0XH204;Conventional;1,75;22.07.57;100,12;100,12;1,745706;27,934111;N/A;11.01.19
UKT 1.75 07/57;19.07.19;GB00BD0XH204;Conventional;1,75;22.07.57;113,65;113,65;1,294118;28,458466;N/A;11.07.19
UKT 1.75 07/57;21.01.20;GB00BD0XH204;Conventional;1,75;22.07.57;121,38;121,38;1,05784;28,561055;N/A;13.01.20
UKT 1.75 07/57;21.07.20;GB00BD0XH204;Conventional;1,75;22.07.57;138;138;0,602673;28,959579;N/A;13.07.20
UKT 1.75 07/57;21.01.21;GB00BD0XH204;Conventional;1,75;22.07.57;128,07;128,07;0,853357;28,275756;N/A;13.01.21
UKT 1.75 07/57;21.07.21;GB00BD0XH204;Conventional;1,75;22.07.57;122,48;122,48;1,004331;27,749916;N/A;13.07.21
UKT 1.75 07/57;21.07.22;GB00BD0XH204;Conventional;1,75;22.07.57;84,04;84,04;2,429644;25,069142;N/A;13.07.22
UKT 1.5 07/47;19.01.18;GB00BDCHBW80;Conventional;1,5;22.07.47;92,12;92,12;1,847701;23,442866;N/A;11.01.18
UKT 1.5 07/47;21.01.19;GB00BDCHBW80;Conventional;1,5;22.07.47;92,65;92,65;1,832215;22,836055;N/A;11.01.19
UKT 1.5 07/47;19.07.19;GB00BDCHBW80;Conventional;1,5;22.07.47;103,21;103,21;1,361731;22,906405;N/A;11.07.19
UKT 1.5 07/47;21.01.20;GB00BDCHBW80;Conventional;1,5;22.07.47;108,38;108,38;1,143968;22,738465;N/A;13.01.20
UKT 1.5 07/47;21.07.20;GB00BDCHBW80;Conventional;1,5;22.07.47;120,87;120,87;0,655371;22,740719;N/A;13.07.20
UKT 1.5 07/47;21.01.21;GB00BDCHBW80;Conventional;1,5;22.07.47;114,35;114,35;0,890859;22,223185;N/A;13.01.21
UKT 1.5 07/47;21.07.21;GB00BDCHBW80;Conventional;1,5;22.07.47;110,02;110,02;1,058161;21,759197;N/A;13.07.21
UKT 1.5 07/47;21.07.22;GB00BDCHBW80;Conventional;1,5;22.07.47;80,5;80,5;2,560977;20,096703;N/A;13.07.22
UKT 1.25 07/27;19.01.18;GB00BDRHNP05;Conventional;1,25;22.07.27;98,859;98,859;1,378554;8,921927;N/A;11.01.18
UKT 1.25 07/27;21.01.19;GB00BDRHNP05;Conventional;1,25;22.07.27;100,195;100,195;1,225773;8,041696;N/A;11.01.19
UKT 1.25 07/27;19.07.19;GB00BDRHNP05;Conventional;1,25;22.07.27;104,747;104,747;0,640347;7,623987;N/A;11.07.19
UKT 1.25 07/27;21.01.20;GB00BDRHNP05;Conventional;1,25;22.07.27;105,627;105,627;0,485093;7,175927;N/A;13.01.20
UKT 1.25 07/27;21.07.20;GB00BDRHNP05;Conventional;1,25;22.07.27;108,946;108,946;-0,02672;6,739702;N/A;13.07.20
UKT 1.25 07/27;21.01.21;GB00BDRHNP05;Conventional;1,25;22.07.27;107,374;107,374;0,111121;6,270093;N/A;13.01.21
UKT 1.25 07/27;21.07.21;GB00BDRHNP05;Conventional;1,25;22.07.27;105,144;105,144;0,381986;5,794386;N/A;13.07.21
UKT 1.25 07/27;21.07.22;GB00BDRHNP05;Conventional;1,25;22.07.27;97,294;97,294;1,818634;4,816359;N/A;13.07.22
UKT 1.75 07/19;19.01.18;GB00BDV0F150;Conventional;1,75;22.07.19;101,767;101,767;0,565334;1,482959;N/A;11.01.18
UKT 1.75 07/19;21.01.19;GB00BDV0F150;Conventional;1,75;22.07.19;100,488;100,488;0,776624;0,493988;N/A;11.01.19
UKT 0.75 07/23;19.01.18;GB00BF0HZ991;Conventional;0,75;22.07.23;98,694;98,694;0,994598;5,370847;N/A;11.01.18
UKT 0.75 07/23;21.01.19;GB00BF0HZ991;Conventional;0,75;22.07.23;99,109;99,109;0,952746;4,411943;N/A;11.01.19
UKT 0.75 07/23;19.07.19;GB00BF0HZ991;Conventional;0,75;22.07.23;101,035;101,035;0,488399;3,938798;N/A;11.07.19
UKT 0.75 07/23;21.01.20;GB00BF0HZ991;Conventional;0,75;22.07.23;101,186;101,186;0,40837;3,454244;N/A;13.01.20
UKT 0.75 07/23;21.07.20;GB00BF0HZ991;Conventional;0,75;22.07.23;102,644;102,644;-0,12934;2,974482;N/A;13.07.20
UKT 0.75 07/23;21.01.21;GB00BF0HZ991;Conventional;0,75;22.07.23;102,078;102,078;-0,0802;2,482612;N/A;13.01.21
UKT 0.75 07/23;21.07.21;GB00BF0HZ991;Conventional;0,75;22.07.23;101,328;101,328;0,085292;1,988058;N/A;13.07.21
UKT 0.75 07/23;21.07.22;GB00BF0HZ991;Conventional;0,75;22.07.23;98,658;98,658;2,113308;0,982707;N/A;13.07.22
UKT 1.625 10/71;19.10.18;GB00BFMCN652;Conventional;1,625;22.10.71;92,62;92,62;1,843782;34,64203;N/A;11.10.18
UKT 1.625 10/71;21.10.19;GB00BFMCN652;Conventional;1,625;22.10.71;119,57;119,57;1,126675;36,706616;N/A;11.10.19
UKT 1.625 10/71;21.04.20;GB00BFMCN652;Conventional;1,625;22.10.71;156,83;156,83;0,402179;38,715424;N/A;09.04.20
UKT 1.625 10/71;21.10.20;GB00BFMCN652;Conventional;1,625;22.10.71;142,2;142,2;0,651216;37,676319;N/A;13.10.20
UKT 1.625 10/71;21.04.21;GB00BFMCN652;Conventional;1,625;22.10.71;120,41;120,41;1,097472;36,040462;N/A;13.04.21
UKT 1.625 10/71;21.10.21;GB00BFMCN652;Conventional;1,625;22.10.71;114,86;114,86;1,22653;35,389176;N/A;13.10.21
UKT 1.625 10/71;21.04.22;GB00BFMCN652;Conventional;1,625;22.10.71;92,74;92,74;1,849541;33,212164;N/A;11.04.22
UKT 1 04/24;19.10.18;GB00BFWFPL34;Conventional;1;22.04.24;98,853;98,853;1,216232;5,331799;N/A;11.10.18
UKT 1 04/24;21.10.19;GB00BFWFPL34;Conventional;1;22.04.24;102,098;102,098;0,527607;4,401009;N/A;11.10.19
UKT 1 04/24;21.04.20;GB00BFWFPL34;Conventional;1;22.04.24;103,546;103,546;0,111279;3,930323;N/A;09.04.20
UKT 1 04/24;21.10.20;GB00BFWFPL34;Conventional;1;22.04.24;103,831;103,831;-0,092546;3,450971;N/A;13.10.20
UKT 1 04/24;21.04.21;GB00BFWFPL34;Conventional;1;22.04.24;102,659;102,659;0,11193;2,961861;N/A;13.04.21
UKT 1 04/24;21.10.21;GB00BFWFPL34;Conventional;1;22.04.24;100,827;100,827;0,665889;2,467155;N/A;13.10.21
UKT 1 04/24;21.04.22;GB00BFWFPL34;Conventional;1;22.04.24;98,611;98,611;1,709403;1,968181;N/A;11.04.22
UKT 1.75 01/49;21.01.19;GB00BFWFPP71;Conventional;1,75;22.01.49;98,17;98,17;1,829536;23,180845;N/A;11.01.19
UKT 1.75 01/49;19.07.19;GB00BFWFPP71;Conventional;1,75;22.01.49;109,43;109,43;1,360823;23,342505;N/A;11.07.19
UKT 1.75 01/49;21.01.20;GB00BFWFPP71;Conventional;1,75;22.01.49;114,87;114,87;1,145881;23,223683;N/A;13.01.20
UKT 1.75 01/49;21.07.20;GB00BFWFPP71;Conventional;1,75;22.01.49;128,46;128,46;0,653846;23,315848;N/A;13.07.20
UKT 1.75 01/49;21.01.21;GB00BFWFPP71;Conventional;1,75;22.01.49;121,26;121,26;0,89045;22,78352;N/A;13.01.21
UKT 1.75 01/49;21.07.21;GB00BFWFPP71;Conventional;1,75;22.01.49;116,59;116,59;1,053545;22,319214;N/A;13.07.21
UKT 1.75 01/49;21.07.22;GB00BFWFPP71;Conventional;1,75;22.01.49;85,11;85,11;2,524002;20,522579;N/A;13.07.22
UKT 1.625 10/28;19.10.18;GB00BFX0ZL78;Conventional;1,625;22.10.28;100,6;100,6;1,559965;9,201119;N/A;11.10.18
UKT 1.625 10/28;21.10.19;GB00BFX0ZL78;Conventional;1,625;22.10.28;108,404;108,404;0,661603;8,410618;N/A;11.10.19
UKT 1.625 10/28;21.04.20;GB00BFX0ZL78;Conventional;1,625;22.10.28;112,388;112,388;0,157253;8,004416;N/A;09.04.20
UKT 1.625 10/28;21.10.20;GB00BFX0ZL78;Conventional;1,625;22.10.28;112,163;112,163;0,098268;7,562856;N/A;13.10.20
UKT 1.625 10/28;21.04.21;GB00BFX0ZL78;Conventional;1,625;22.10.28;107,789;107,789;0,562929;7,090176;N/A;13.04.21
UKT 1.625 10/28;21.10.21;GB00BFX0ZL78;Conventional;1,625;22.10.28;104,562;104,562;0,949834;6,623226;N/A;13.10.21
UKT 1.625 10/28;21.04.22;GB00BFX0ZL78;Conventional;1,625;22.10.28;99,031;99,031;1,783548;6,138169;N/A;11.04.22
UKT 2.75 09/24;06.09.17;GB00BHBFH458;Conventional;2,75;07.09.24;114,315;114,315;0,654456;6,440482;N/A;29.08.17
UKT 2.75 09/24;06.03.18;GB00BHBFH458;Conventional;2,75;07.09.24;109,427;109,427;1,23617;5,986758;N/A;26.02.18
UKT 2.75 09/24;06.09.18;GB00BHBFH458;Conventional;2,75;07.09.24;109,657;109,657;1,083274;5,565595;N/A;29.08.18
UKT 2.75 09/24;06.03.19;GB00BHBFH458;Conventional;2,75;07.09.24;109,755;109,755;0,926676;5,137967;N/A;26.02.19
UKT 2.75 09/24;04.09.20;GB00BHBFH458;Conventional;2,75;07.09.24;111,38;111,38;-0,089287;3,828646;N/A;26.08.20
UKT 2.75 09/24;06.09.21;GB00BHBFH458;Conventional;2,75;07.09.24;107,747;107,747;0,160413;2,902141;N/A;26.08.21
UKT 2.75 09/24;04.03.22;GB00BHBFH458;Conventional;2,75;07.09.24;104,09;104,09;1,087223;2,421499;N/A;24.02.22
UKT 1.625 10/54;21.10.19;GB00BJLR0J16;Conventional;1,625;22.10.54;111,7;111,7;1,213703;27,186751;N/A;11.10.19
UKT 1.625 10/54;21.04.20;GB00BJLR0J16;Conventional;1,625;22.10.54;133,5;133,5;0,556453;27,725278;N/A;09.04.20
UKT 1.625 10/54;21.10.20;GB00BJLR0J16;Conventional;1,625;22.10.54;125;125;0,785692;27,115379;N/A;13.10.20
UKT 1.625 10/54;21.04.21;GB00BJLR0J16;Conventional;1,625;22.10.54;109,89;109,89;1,262066;26,213111;N/A;13.04.21
UKT 1.625 10/54;21.10.21;GB00BJLR0J16;Conventional;1,625;22.10.54;105,11;105,11;1,430203;25,703493;N/A;13.10.21
UKT 1.625 10/54;21.04.22;GB00BJLR0J16;Conventional;1,625;22.10.54;90,3;90,3;2,034385;24,672754;N/A;11.04.22
UKT 0.875 10/29;21.10.19;GB00BJMHB534;Conventional;0,875;22.10.29;101,27;101,27;0,742988;9,564514;N/A;11.10.19
UKT 0.875 10/29;21.04.20;GB00BJMHB534;Conventional;0,875;22.10.29;105,971;105,971;0,238938;9,13889;N/A;09.04.20
UKT 0.875 10/29;21.10.20;GB00BJMHB534;Conventional;0,875;22.10.29;106,125;106,125;0,18834;8,678329;N/A;13.10.20
UKT 0.875 10/29;21.04.21;GB00BJMHB534;Conventional;0,875;22.10.29;101,568;101,568;0,684793;8,184989;N/A;13.04.21
UKT 0.875 10/29;21.10.21;GB00BJMHB534;Conventional;0,875;22.10.29;98,683;98,683;1,047046;7,701387;N/A;13.10.21
UKT 0.875 10/29;21.04.22;GB00BJMHB534;Conventional;0,875;22.10.29;93,108;93,108;1,863929;7,198019;N/A;11.04.22
UKT 1.25 10/41;21.04.20;GB00BJQWYH73;Conventional;1,25;22.10.41;111,93;111,93;0,654269;19,03327;N/A;09.04.20
UKT 1.25 10/41;21.10.20;GB00BJQWYH73;Conventional;1,25;22.10.41;109,66;109,66;0,751867;18,603379;N/A;13.10.20
UKT 1.25 10/41;21.04.21;GB00BJQWYH73;Conventional;1,25;22.10.41;100,16;100,16;1,241136;18,037875;N/A;13.04.21
UKT 1.25 10/41;21.10.21;GB00BJQWYH73;Conventional;1,25;22.10.41;96,17;96,17;1,471764;17,572503;N/A;13.10.21
UKT 1.25 10/41;21.04.22;GB00BJQWYH73;Conventional;1,25;22.10.41;85,58;85,58;2,160056;16,961154;N/A;11.04.22
UKT 0.625 06/25;04.12.20;GB00BK5CVX03;Conventional;0,625;07.06.25;102,726;102,726;0,018935;4,444839;N/A;26.11.20
UKT 0.625 06/25;04.06.21;GB00BK5CVX03;Conventional;0,625;07.06.25;101,603;101,603;0,222243;3,952691;N/A;26.05.21
UKT 0.625 06/25;06.12.21;GB00BK5CVX03;Conventional;0,625;07.06.25;100,727;100,727;0,415556;3,460414;N/A;26.11.21
UKT 0.625 06/25;06.06.22;GB00BK5CVX03;Conventional;0,625;07.06.25;96,597;96,597;1,795236;2,949758;N/A;25.05.22
UKT 0.125 01/23;30.07.20;GB00BL68HG94;Conventional;0,125;31.01.23;100,568;100,568;-0,101853;2,498162;N/A;22.07.20
UKT 0.125 01/23;28.01.22;GB00BL68HG94;Conventional;0,125;31.01.23;99,278;99,278;0,851615;0,991225;N/A;20.01.22
UKT 0.375 10/30;21.10.20;GB00BL68HH02;Conventional;0,375;22.10.30;101,01;101,01;0,272549;9,811955;N/A;13.10.20
UKT 0.375 10/30;21.04.21;GB00BL68HH02;Conventional;0,375;22.10.30;96,331;96,331;0,776377;9,301694;N/A;13.04.21
UKT 0.375 10/30;21.10.21;GB00BL68HH02;Conventional;0,375;22.10.30;93,478;93,478;1,139522;8,801789;N/A;13.10.21
UKT 0.375 10/30;21.04.22;GB00BL68HH02;Conventional;0,375;22.10.30;88,17;88,17;1,887968;8,28502;N/A;11.04.22
UKT 0.125 01/26;29.07.21;GB00BL68HJ26;Conventional;0,125;30.01.26;99,35;99,35;0,270423;4,482666;N/A;21.07.21
UKT 1.125 10/73;21.04.22;GB00BLBDX619;Conventional;1,125;22.10.73;77,3;77,3;1,803574;36,847966;N/A;11.04.22
UKT 1.25 07/51;28.01.22;GB00BLH38158;Conventional;1,25;31.07.51;96,55;96,55;1,393021;24,487603;N/A;20.01.22
UKT 0.25 01/25;28.01.22;GB00BLPK7110;Conventional;0,25;31.01.25;97,797;97,797;0,997201;2,975687;N/A;20.01.22
UKT 0.5 01/29;28.01.22;GB00BLPK7227;Conventional;0,5;31.01.29;95,655;95,655;1,147762;6,845136;N/A;20.01.22
UKT 1.125 01/39;28.01.22;GB00BLPK7334;Conventional;1,125;31.01.39;95,45;95,45;1,427381;15,366548;N/A;20.01.22
UKT 0.875 07/33;28.01.22;GB00BM8Z2S21;Conventional;0,875;31.07.33;95,64;95,64;1,284024;10,880048;N/A;20.01.22
UKT 1 01/32;28.01.22;GB00BM8Z2T38;Conventional;1;31.01.32;97,3;97,3;1,288638;9,472049;N/A;20.01.22
UKT 1.5 07/53;28.01.22;GB00BM8Z2V59;Conventional;1,5;31.07.53;104,18;104,18;1,336967;25,204179;N/A;20.01.22
UKT 0.5 10/61;21.10.20;GB00BMBL1D50;Conventional;0,5;22.10.61;91,78;91,78;0,732461;36,767432;N/A;13.10.20
UKT 0.5 10/61;21.04.21;GB00BMBL1D50;Conventional;0,5;22.10.61;78,25;78,25;1,176674;35,853315;N/A;13.04.21
UKT 0.5 10/61;21.10.21;GB00BMBL1D50;Conventional;0,5;22.10.61;74,61;74,61;1,318878;35,300968;N/A;13.10.21
UKT 0.5 10/61;21.04.22;GB00BMBL1D50;Conventional;0,5;22.10.61;60,93;60,93;1,914254;34,195779;N/A;11.04.22
UKT 0.625 10/50;21.10.20;GB00BMBL1F74;Conventional;0,625;22.10.50;95,32;95,32;0,800799;27,211899;N/A;13.10.20
UKT 0.625 10/50;21.04.21;GB00BMBL1F74;Conventional;0,625;22.10.50;83,8;83,8;1,286696;26,512397;N/A;13.04.21
UKT 0.625 10/50;21.10.21;GB00BMBL1F74;Conventional;0,625;22.10.50;80,65;80,65;1,444047;26,019172;N/A;13.10.21
UKT 0.625 10/50;21.04.22;GB00BMBL1F74;Conventional;0,625;22.10.50;69,29;69,29;2,05388;25,25997;N/A;11.04.22
UKT 0.125 01/28;28.01.22;GB00BMBL1G81;Conventional;0,125;31.01.28;94,511;94,511;1,072019;5,946799;N/A;20.01.22
UKT 0.125 01/24;28.01.22;GB00BMGR2791;Conventional;0,125;31.01.24;98,351;98,351;0,959412;1,988569;N/A;20.01.22
UKT 0.25 07/31;28.01.22;GB00BMGR2809;Conventional;0,25;31.07.31;91,158;91,158;1,239488;9,329629;N/A;20.01.22
UKT 0.625 07/35;28.01.22;GB00BMGR2916;Conventional;0,625;31.07.35;90,6;90,6;1,391137;12,842727;N/A;20.01.22
UKT 2 07/20;19.01.18;GB00BN65R198;Conventional;2;22.07.20;103,39;103,39;0,631136;2,44423;N/A;11.01.18
UKT 2 07/20;21.01.19;GB00BN65R198;Conventional;2;22.07.20;101,801;101,801;0,789838;1,4795;N/A;11.01.19
UKT 2 07/20;19.07.19;GB00BN65R198;Conventional;2;22.07.20;101,435;101,435;0,558981;0,99227;N/A;11.07.19
UKT 2 07/20;21.01.20;GB00BN65R198;Conventional;2;22.07.20;100,745;100,745;0,507619;0,497371;N/A;13.01.20
UKT 3.5 01/45;19.01.18;GB00BN65R313;Conventional;3,5;22.01.45;134,3;134,3;1,875191;18,912183;N/A;11.01.18
UKT 3.5 01/45;21.01.19;GB00BN65R313;Conventional;3,5;22.01.45;134,25;134,25;1,837192;18,433005;N/A;11.01.19
UKT 3.5 01/45;19.07.19;GB00BN65R313;Conventional;3,5;22.01.45;146,17;146,17;1,353071;18,562346;N/A;11.07.19
UKT 3.5 01/45;21.01.20;GB00BN65R313;Conventional;3,5;22.01.45;151,22;151,22;1,139691;18,44542;N/A;13.01.20
UKT 3.5 01/45;21.07.20;GB00BN65R313;Conventional;3,5;22.01.45;164,34;164,34;0,653693;18,505449;N/A;13.07.20
UKT 3.5 01/45;21.01.21;GB00BN65R313;Conventional;3,5;22.01.45;156,73;156,73;0,87441;18,049813;N/A;13.01.21
UKT 3.5 01/45;21.07.21;GB00BN65R313;Conventional;3,5;22.01.45;151,18;151,18;1,039635;17,640568;N/A;13.07.21
UKT 3.5 01/45;21.07.22;GB00BN65R313;Conventional;3,5;22.01.45;115,5;115,5;2,586958;16,078809;N/A;13.07.22
UKT 0.375 10/26;21.10.21;GB00BNNGP668;Conventional;0,375;22.10.26;97,611;97,611;0,864229;4,936126;N/A;13.10.21
UKT 0.375 10/26;21.04.22;GB00BNNGP668;Conventional;0,375;22.10.26;93,76;93,76;1,825725;4,424681;N/A;11.04.22
UKT 0.875 01/46;28.01.22;GB00BNNGP775;Conventional;0,875;31.01.46;88,7;88,7;1,433105;21,363493;N/A;20.01.22
UKT 2 09/25;06.09.17;GB00BTHH2R79;Conventional;2;07.09.25;109,496;109,496;0,773597;7,435081;N/A;29.08.17
UKT 2 09/25;06.03.18;GB00BTHH2R79;Conventional;2;07.09.25;104,865;104,865;1,316648;6,970565;N/A;26.02.18
UKT 2 09/25;06.09.18;GB00BTHH2R79;Conventional;2;07.09.25;105,793;105,793;1,136719;6,544667;N/A;29.08.18
UKT 2 09/25;06.03.19;GB00BTHH2R79;Conventional;2;07.09.25;106,429;106,429;0,97678;6,11191;N/A;26.02.19
UKT 2 09/25;04.09.20;GB00BTHH2R79;Conventional;2;07.09.25;110,362;110,362;-0,068498;4,797512;N/A;26.08.20
UKT 2 09/25;06.09.21;GB00BTHH2R79;Conventional;2;07.09.25;107,104;107,104;0,215383;3,865544;N/A;26.08.21
UKT 2 09/25;04.03.22;GB00BTHH2R79;Conventional;2;07.09.25;103,43;103,43;1,000296;3,382901;N/A;24.02.22
UKT 1.5 01/21;19.01.18;GB00BYY5F581;Conventional;1,5;22.01.21;102,385;102,385;0,695299;2,935298;N/A;11.01.18
UKT 1.5 01/21;21.01.19;GB00BYY5F581;Conventional;1,5;22.01.21;101,388;101,388;0,799054;1,970084;N/A;11.01.19
UKT 1.5 01/21;19.07.19;GB00BYY5F581;Conventional;1,5;22.01.21;101,488;101,488;0,503006;1,485217;N/A;11.07.19
UKT 1.5 01/21;21.01.20;GB00BYY5F581;Conventional;1,5;22.01.21;101,004;101,004;0,492292;0,994096;N/A;13.01.20
UKT 1.5 01/21;21.07.20;GB00BYY5F581;Conventional;1,5;22.01.21;100,764;100,764;-0,027561;0,50418;N/A;13.07.20
UKT 2.5 07/65;19.01.18;GB00BYYMZX75;Conventional;2,5;22.07.65;128,57;128,57;1,633051;30,254255;N/A;11.01.18
UKT 2.5 07/65;21.01.19;GB00BYYMZX75;Conventional;2,5;22.07.65;124,77;124,77;1,723476;29,589168;N/A;11.01.19
UKT 2.5 07/65;19.07.19;GB00BYYMZX75;Conventional;2,5;22.07.65;142,54;142,54;1,274844;30,59371;N/A;11.07.19
UKT 2.5 07/65;21.01.20;GB00BYYMZX75;Conventional;2,5;22.07.65;152,62;152,62;1,044165;30,957304;N/A;13.01.20
UKT 2.5 07/65;21.07.20;GB00BYYMZX75;Conventional;2,5;22.07.65;175,96;175,96;0,579797;31,853949;N/A;13.07.20
UKT 2.5 07/65;21.01.21;GB00BYYMZX75;Conventional;2,5;22.07.65;162,25;162,25;0,825602;30,992497;N/A;13.01.21
UKT 2.5 07/65;21.07.21;GB00BYYMZX75;Conventional;2,5;22.07.65;155,5;155,5;0,952842;30,429502;N/A;13.07.21
UKT 2.5 07/65;21.07.22;GB00BYYMZX75;Conventional;2,5;22.07.65;103,72;103,72;2,36178;26,593245;N/A;13.07.22
UKT 1.5 07/26;19.01.18;GB00BYZW3G56;Conventional;1,5;22.07.26;102,027;102,027;1,247916;7,968584;N/A;11.01.18
UKT 1.5 07/26;21.01.19;GB00BYZW3G56;Conventional;1,5;22.07.26;102,671;102,671;1,127593;7,087794;N/A;11.01.19
UKT 1.5 07/26;19.07.19;GB00BYZW3G56;Conventional;1,5;22.07.26;106,358;106,358;0,572107;6,664622;N/A;11.07.19
UKT 1.5 07/26;21.01.20;GB00BYZW3G56;Conventional;1,5;22.07.26;106,881;106,881;0,42555;6,215801;N/A;13.01.20
UKT 1.5 07/26;21.07.20;GB00BYZW3G56;Conventional;1,5;22.07.26;109,546;109,546;-0,086529;5,776142;N/A;13.07.20
UKT 1.5 07/26;21.01.21;GB00BYZW3G56;Conventional;1,5;22.07.26;108,098;108,098;0,026467;5,308599;N/A;13.01.21
UKT 1.5 07/26;21.07.21;GB00BYZW3G56;Conventional;1,5;22.07.26;105,963;105,963;0,297617;4,834417;N/A;13.07.21
UKT 1.5 07/26;21.07.22;GB00BYZW3G56;Conventional;1,5;22.07.26;98,574;98,574;1,871676;3,860277;N/A;13.07.22
UKT 1.75 09/37;06.09.17;GB00BZB26Y51;Conventional;1,75;07.09.37;101,68;101,68;1,651026;16,852775;N/A;29.08.17
UKT 1.75 09/37;06.03.18;GB00BZB26Y51;Conventional;1,75;07.09.37;97,25;97,25;1,919733;16,396889;N/A;26.02.18
UKT 1.75 09/37;06.09.18;GB00BZB26Y51;Conventional;1,75;07.09.37;99,97;99,97;1,751863;16,10411;N/A;29.08.18
UKT 1.75 09/37;06.03.19;GB00BZB26Y51;Conventional;1,75;07.09.37;101,58;101,58;1,650544;15,778585;N/A;26.02.19
UKT 1.75 09/37;04.09.20;GB00BZB26Y51;Conventional;1,75;07.09.37;117,28;117,28;0,672603;14,936704;N/A;26.08.20
UKT 1.75 09/37;06.09.21;GB00BZB26Y51;Conventional;1,75;07.09.37;111,87;111,87;0,948645;14,090672;N/A;26.08.21
UKT 1.75 09/37;04.03.22;GB00BZB26Y51;Conventional;1,75;07.09.37;104,48;104,48;1,426805;13,595721;N/A;24.02.22