Date;Number of Obs.
25.11.02;20
26.11.02;20
27.11.02;20
28.11.02;20
29.11.02;20
02.12.02;20
03.12.02;20
04.12.02;20
05.12.02;20
06.12.02;20
09.12.02;20
10.12.02;20
11.12.02;20
12.12.02;20
13.12.02;20
16.12.02;20
17.12.02;20
18.12.02;20
19.12.02;20
20.12.02;20
23.12.02;20
24.12.02;20
27.12.02;20
30.12.02;20
31.12.02;20
02.01.03;20
03.01.03;20
06.01.03;20
07.01.03;20
08.01.03;20
09.01.03;20
10.01.03;20
13.01.03;20
14.01.03;20
15.01.03;20
16.01.03;20
17.01.03;20
20.01.03;20
21.01.03;20
22.01.03;20
23.01.03;20
24.01.03;20
27.01.03;20
28.01.03;20
29.01.03;20
30.01.03;20
31.01.03;20
03.02.03;20
04.02.03;20
05.02.03;20
06.02.03;20
07.02.03;20
10.02.03;20
11.02.03;20
12.02.03;20
13.02.03;20
14.02.03;20
17.02.03;20
18.02.03;21
19.02.03;21
20.02.03;21
21.02.03;21
24.02.03;21
25.02.03;21
26.02.03;21
27.02.03;21
28.02.03;21
03.03.03;21
04.03.03;21
05.03.03;21
06.03.03;21
07.03.03;21
10.03.03;21
11.03.03;21
12.03.03;21
13.03.03;21
14.03.03;21
17.03.03;21
18.03.03;21
19.03.03;21
20.03.03;21
21.03.03;21
24.03.03;21
25.03.03;21
26.03.03;21
27.03.03;21
28.03.03;21
31.03.03;21
01.04.03;21
02.04.03;21
03.04.03;21
04.04.03;21
07.04.03;21
08.04.03;21
09.04.03;21
10.04.03;21
11.04.03;21
14.04.03;21
15.04.03;21
16.04.03;21
17.04.03;21
22.04.03;21
23.04.03;21
24.04.03;21
25.04.03;21
28.04.03;21
29.04.03;21
30.04.03;21
01.05.03;21
02.05.03;21
06.05.03;22
07.05.03;22
08.05.03;22
09.05.03;22
12.05.03;22
13.05.03;22
14.05.03;22
15.05.03;22
16.05.03;22
19.05.03;22
20.05.03;22
21.05.03;22
22.05.03;22
23.05.03;22
27.05.03;22
28.05.03;22
29.05.03;22
30.05.03;22
02.06.03;22
03.06.03;22
04.06.03;22
05.06.03;22
06.06.03;22
09.06.03;22
10.06.03;22
11.06.03;22
12.06.03;22
13.06.03;22
16.06.03;22
17.06.03;22
18.06.03;22
19.06.03;22
20.06.03;22
23.06.03;22
24.06.03;22
25.06.03;22
26.06.03;22
27.06.03;22
30.06.03;22
01.07.03;22
02.07.03;22
03.07.03;22
04.07.03;22
07.07.03;22
08.07.03;22
09.07.03;22
10.07.03;22
11.07.03;22
14.07.03;22
15.07.03;22
16.07.03;22
17.07.03;22
18.07.03;22
21.07.03;22
22.07.03;22
23.07.03;22
24.07.03;22
25.07.03;22
28.07.03;22
29.07.03;22
30.07.03;22
31.07.03;22
01.08.03;22
04.08.03;22
05.08.03;22
06.08.03;22
07.08.03;22
08.08.03;22
11.08.03;22
12.08.03;22
13.08.03;22
14.08.03;22
15.08.03;22
18.08.03;22
19.08.03;22
20.08.03;22
21.08.03;22
22.08.03;22
26.08.03;22
27.08.03;22
28.08.03;22
29.08.03;22
01.09.03;22
02.09.03;22
03.09.03;22
04.09.03;22
05.09.03;22
08.09.03;22
09.09.03;22
10.09.03;22
11.09.03;22
12.09.03;22
15.09.03;22
16.09.03;23
17.09.03;23
18.09.03;23
19.09.03;23
22.09.03;23
23.09.03;23
24.09.03;23
25.09.03;23
26.09.03;23
29.09.03;23
30.09.03;23
01.10.03;23
02.10.03;23
03.10.03;23
06.10.03;23
07.10.03;23
08.10.03;23
09.10.03;23
10.10.03;23
13.10.03;23
14.10.03;23
15.10.03;23
16.10.03;23
17.10.03;23
20.10.03;23
21.10.03;23
22.10.03;23
23.10.03;23
24.10.03;23
27.10.03;23
28.10.03;23
29.10.03;23
30.10.03;23
31.10.03;23
03.11.03;23
04.11.03;23
05.11.03;23
06.11.03;23
07.11.03;23
10.11.03;23
11.11.03;23
12.11.03;23
13.11.03;23
14.11.03;23
17.11.03;23
18.11.03;23
19.11.03;23
20.11.03;23
21.11.03;23
24.11.03;23
25.11.03;23
26.11.03;23
27.11.03;23
28.11.03;23
01.12.03;23
02.12.03;23
03.12.03;23
04.12.03;23
05.12.03;23
08.12.03;23
09.12.03;23
10.12.03;23
11.12.03;23
12.12.03;23
15.12.03;23
16.12.03;23
17.12.03;23
18.12.03;23
19.12.03;23
22.12.03;23
23.12.03;23
24.12.03;23
29.12.03;23
30.12.03;23
31.12.03;23
02.01.04;23
05.01.04;23
06.01.04;23
07.01.04;23
08.01.04;23
09.01.04;23
12.01.04;23
13.01.04;23
14.01.04;23
15.01.04;23
16.01.04;23
19.01.04;23
20.01.04;23
21.01.04;23
22.01.04;23
23.01.04;23
26.01.04;23
27.01.04;23
28.01.04;23
29.01.04;23
30.01.04;23
02.02.04;23
03.02.04;24
04.02.04;24
05.02.04;24
06.02.04;24
09.02.04;24
10.02.04;24
11.02.04;24
12.02.04;24
13.02.04;24
16.02.04;24
17.02.04;24
18.02.04;24
19.02.04;24
20.02.04;24
23.02.04;24
24.02.04;24
25.02.04;24
26.02.04;24
27.02.04;24
01.03.04;24
02.03.04;24
03.03.04;24
04.03.04;24
05.03.04;24
08.03.04;24
09.03.04;24
10.03.04;24
11.03.04;24
12.03.04;24
15.03.04;24
16.03.04;24
17.03.04;24
18.03.04;24
19.03.04;24
22.03.04;24
23.03.04;24
24.03.04;24
25.03.04;24
26.03.04;24
29.03.04;24
30.03.04;24
31.03.04;24
01.04.04;24
02.04.04;24
05.04.04;24
06.04.04;24
07.04.04;24
08.04.04;24
13.04.04;25
14.04.04;25
15.04.04;25
16.04.04;25
19.04.04;25
20.04.04;25
21.04.04;25
22.04.04;25
23.04.04;25
26.04.04;25
27.04.04;25
28.04.04;25
29.04.04;25
30.04.04;25
04.05.04;25
05.05.04;25
06.05.04;25
07.05.04;25
10.05.04;25
11.05.04;25
12.05.04;25
13.05.04;25
14.05.04;25
17.05.04;25
18.05.04;25
19.05.04;25
20.05.04;25
21.05.04;25
24.05.04;25
25.05.04;25
26.05.04;25
27.05.04;25
28.05.04;25
01.06.04;25
02.06.04;25
03.06.04;25
04.06.04;25
07.06.04;25
08.06.04;25
09.06.04;25
10.06.04;25
11.06.04;25
14.06.04;25
15.06.04;25
16.06.04;25
17.06.04;25
18.06.04;25
21.06.04;25
22.06.04;25
23.06.04;25
24.06.04;25
25.06.04;25
28.06.04;25
29.06.04;25
30.06.04;25
01.07.04;25
02.07.04;25
05.07.04;25
06.07.04;25
07.07.04;25
08.07.04;25
09.07.04;25
12.07.04;25
13.07.04;25
14.07.04;25
15.07.04;25
16.07.04;25
19.07.04;25
20.07.04;25
21.07.04;25
22.07.04;25
23.07.04;25
26.07.04;25
27.07.04;25
28.07.04;25
29.07.04;25
30.07.04;25
02.08.04;25
03.08.04;25
04.08.04;25
05.08.04;25
06.08.04;25
09.08.04;25
10.08.04;25
11.08.04;25
12.08.04;25
13.08.04;25
16.08.04;25
17.08.04;25
18.08.04;25
19.08.04;25
20.08.04;25
23.08.04;25
24.08.04;25
25.08.04;25
26.08.04;25
27.08.04;25
31.08.04;25
01.09.04;25
02.09.04;25
03.09.04;25
06.09.04;25
07.09.04;25
08.09.04;25
09.09.04;25
10.09.04;25
13.09.04;25
14.09.04;25
15.09.04;25
16.09.04;25
17.09.04;25
20.09.04;25
21.09.04;25
22.09.04;25
23.09.04;25
24.09.04;25
27.09.04;25
28.09.04;25
29.09.04;25
30.09.04;25
01.10.04;25
04.10.04;25
05.10.04;25
06.10.04;25
07.10.04;25
08.10.04;25
11.10.04;25
12.10.04;25
13.10.04;25
14.10.04;25
15.10.04;25
18.10.04;25
19.10.04;25
20.10.04;25
21.10.04;25
22.10.04;25
25.10.04;25
26.10.04;25
27.10.04;25
28.10.04;25
29.10.04;25
01.11.04;25
02.11.04;25
03.11.04;25
04.11.04;25
05.11.04;25
08.11.04;25
09.11.04;26
10.11.04;26
11.11.04;26
12.11.04;26
15.11.04;26
16.11.04;26
17.11.04;26
18.11.04;26
19.11.04;26
22.11.04;26
23.11.04;26
24.11.04;26
25.11.04;26
26.11.04;26
29.11.04;26
30.11.04;26
01.12.04;26
02.12.04;26
03.12.04;26
06.12.04;26
07.12.04;26
08.12.04;26
09.12.04;26
10.12.04;26
13.12.04;26
14.12.04;26
15.12.04;26
16.12.04;26
17.12.04;26
20.12.04;26
21.12.04;26
22.12.04;26
23.12.04;26
24.12.04;26
29.12.04;26
30.12.04;26
31.12.04;26
04.01.05;26
05.01.05;26
06.01.05;26
07.01.05;26
10.01.05;26
11.01.05;26
12.01.05;26
13.01.05;26
14.01.05;26
17.01.05;26
18.01.05;26
19.01.05;26
20.01.05;26
21.01.05;26
24.01.05;26
25.01.05;26
26.01.05;26
27.01.05;26
28.01.05;26
31.01.05;26
01.02.05;26
02.02.05;26
03.02.05;26
04.02.05;26
07.02.05;26
08.02.05;26
09.02.05;26
10.02.05;26
11.02.05;26
14.02.05;26
15.02.05;26
16.02.05;26
17.02.05;26
18.02.05;26
21.02.05;26
22.02.05;26
23.02.05;26
24.02.05;26
25.02.05;26
28.02.05;26
01.03.05;26
02.03.05;26
03.03.05;26
04.03.05;26
07.03.05;26
08.03.05;26
09.03.05;26
10.03.05;26
11.03.05;26
14.03.05;26
15.03.05;27
16.03.05;27
17.03.05;27
18.03.05;27
21.03.05;27
22.03.05;27
23.03.05;27
24.03.05;27
29.03.05;27
30.03.05;27
31.03.05;27
01.04.05;27
04.04.05;27
05.04.05;27
06.04.05;27
07.04.05;27
08.04.05;27
11.04.05;27
12.04.05;27
13.04.05;27
14.04.05;27
15.04.05;27
18.04.05;26
19.04.05;26
20.04.05;26
21.04.05;26
22.04.05;26
25.04.05;26
26.04.05;26
27.04.05;26
28.04.05;26
29.04.05;26
03.05.05;26
04.05.05;26
05.05.05;26
06.05.05;26
09.05.05;26
10.05.05;26
11.05.05;26
12.05.05;26
13.05.05;26
16.05.05;26
17.05.05;27
18.05.05;27
19.05.05;27
20.05.05;27
23.05.05;27
24.05.05;27
25.05.05;27
26.05.05;27
27.05.05;27
31.05.05;27
01.06.05;27
02.06.05;27
03.06.05;27
06.06.05;27
07.06.05;27
08.06.05;27
09.06.05;27
10.06.05;27
13.06.05;27
14.06.05;27
15.06.05;27
16.06.05;27
17.06.05;27
20.06.05;27
21.06.05;27
22.06.05;27
23.06.05;27
24.06.05;27
27.06.05;27
28.06.05;27
29.06.05;27
30.06.05;27
01.07.05;27
04.07.05;27
05.07.05;27
06.07.05;27
07.07.05;27
08.07.05;27
11.07.05;27
12.07.05;27
13.07.05;27
14.07.05;27
15.07.05;27
18.07.05;27
19.07.05;27
20.07.05;27
21.07.05;27
22.07.05;27
25.07.05;27
26.07.05;27
27.07.05;27
28.07.05;27
29.07.05;27
01.08.05;27
02.08.05;27
03.08.05;27
04.08.05;27
05.08.05;27
08.08.05;27
09.08.05;27
10.08.05;27
11.08.05;27
12.08.05;27
15.08.05;27
16.08.05;27
17.08.05;27
18.08.05;27
19.08.05;27
22.08.05;27
23.08.05;27
24.08.05;27
25.08.05;27
26.08.05;27
30.08.05;27
31.08.05;27
01.09.05;27
02.09.05;27
05.09.05;27
06.09.05;27
07.09.05;27
08.09.05;27
09.09.05;27
12.09.05;27
13.09.05;27
14.09.05;27
15.09.05;27
16.09.05;27
19.09.05;27
20.09.05;26
21.09.05;26
22.09.05;26
23.09.05;26
26.09.05;26
27.09.05;26
28.09.05;26
29.09.05;26
30.09.05;26
03.10.05;26
04.10.05;26
05.10.05;26
06.10.05;26
07.10.05;26
10.10.05;26
11.10.05;26
12.10.05;26
13.10.05;26
14.10.05;26
17.10.05;26
18.10.05;26
19.10.05;26
20.10.05;26
21.10.05;26
24.10.05;26
25.10.05;26
26.10.05;26
27.10.05;26
28.10.05;26
31.10.05;26
01.11.05;27
02.11.05;27
03.11.05;27
04.11.05;27
07.11.05;27
08.11.05;27
09.11.05;27
10.11.05;27
11.11.05;27
14.11.05;27
15.11.05;27
16.11.05;27
17.11.05;27
18.11.05;27
21.11.05;27
22.11.05;27
23.11.05;27
24.11.05;27
25.11.05;27
28.11.05;27
29.11.05;27
30.11.05;27
01.12.05;27
02.12.05;27
05.12.05;27
06.12.05;27
07.12.05;26
08.12.05;26
09.12.05;26
12.12.05;26
13.12.05;26
14.12.05;26
15.12.05;26
16.12.05;26
19.12.05;26
20.12.05;26
21.12.05;26
22.12.05;26
23.12.05;26
28.12.05;26
29.12.05;26
30.12.05;26
03.01.06;26
04.01.06;26
05.01.06;26
06.01.06;26
09.01.06;26
10.01.06;26
11.01.06;26
12.01.06;26
13.01.06;26
16.01.06;26
17.01.06;26
18.01.06;26
19.01.06;26
20.01.06;26
23.01.06;26
24.01.06;26
25.01.06;26
26.01.06;26
27.01.06;26
30.01.06;26
31.01.06;26
01.02.06;26
02.02.06;26
03.02.06;26
06.02.06;26
07.02.06;26
08.02.06;26
09.02.06;26
10.02.06;26
13.02.06;26
14.02.06;26
15.02.06;26
16.02.06;26
17.02.06;26
20.02.06;26
21.02.06;27
22.02.06;27
23.02.06;27
24.02.06;27
27.02.06;27
28.02.06;27
01.03.06;27
02.03.06;27
03.03.06;27
06.03.06;27
07.03.06;27
08.03.06;27
09.03.06;27
10.03.06;27
13.03.06;27
14.03.06;27
15.03.06;27
16.03.06;27
17.03.06;27
20.03.06;27
21.03.06;27
22.03.06;27
23.03.06;27
24.03.06;27
27.03.06;27
28.03.06;27
29.03.06;27
30.03.06;27
31.03.06;27
03.04.06;27
04.04.06;27
05.04.06;27
06.04.06;27
07.04.06;27
10.04.06;27
11.04.06;27
12.04.06;27
13.04.06;27
18.04.06;27
19.04.06;27
20.04.06;27
21.04.06;27
24.04.06;27
25.04.06;27
26.04.06;27
27.04.06;27
28.04.06;27
02.05.06;28
03.05.06;28
04.05.06;28
05.05.06;28
08.05.06;28
09.05.06;28
10.05.06;28
11.05.06;28
12.05.06;28
15.05.06;28
16.05.06;28
17.05.06;28
18.05.06;28
19.05.06;28
22.05.06;28
23.05.06;28
24.05.06;28
25.05.06;28
26.05.06;28
30.05.06;28
31.05.06;28
01.06.06;28
02.06.06;28
05.06.06;28
06.06.06;28
07.06.06;28
08.06.06;28
09.06.06;28
12.06.06;28
13.06.06;28
14.06.06;28
15.06.06;28
16.06.06;28
19.06.06;28
20.06.06;28
21.06.06;28
22.06.06;28
23.06.06;28
26.06.06;28
27.06.06;28
28.06.06;28
29.06.06;28
30.06.06;28
03.07.06;28
04.07.06;28
05.07.06;28
06.07.06;28
07.07.06;28
10.07.06;28
11.07.06;28
12.07.06;28
13.07.06;28
14.07.06;28
17.07.06;28
18.07.06;28
19.07.06;28
20.07.06;28
21.07.06;28
24.07.06;28
25.07.06;28
26.07.06;28
27.07.06;28
28.07.06;28
31.07.06;28
01.08.06;28
02.08.06;28
03.08.06;28
04.08.06;28
07.08.06;28
08.08.06;28
09.08.06;28
10.08.06;28
11.08.06;28
14.08.06;28
15.08.06;28
16.08.06;28
17.08.06;28
18.08.06;28
21.08.06;28
22.08.06;28
23.08.06;28
24.08.06;28
25.08.06;28
29.08.06;29
30.08.06;29
31.08.06;29
01.09.06;29
04.09.06;29
05.09.06;29
06.09.06;29
07.09.06;29
08.09.06;28
11.09.06;28
12.09.06;28
13.09.06;28
14.09.06;28
15.09.06;28
18.09.06;28
19.09.06;28
20.09.06;28
21.09.06;28
22.09.06;28
25.09.06;28
26.09.06;28
27.09.06;28
28.09.06;28
29.09.06;28
02.10.06;28
03.10.06;28
04.10.06;28
05.10.06;28
06.10.06;28
09.10.06;28
10.10.06;28
11.10.06;28
12.10.06;28
13.10.06;28
16.10.06;28
17.10.06;28
18.10.06;28
19.10.06;28
20.10.06;28
23.10.06;28
24.10.06;28
25.10.06;28
26.10.06;28
27.10.06;28
30.10.06;28
31.10.06;28
01.11.06;28
02.11.06;28
03.11.06;28
06.11.06;28
07.11.06;28
08.11.06;28
09.11.06;28
10.11.06;28
13.11.06;28
14.11.06;28
15.11.06;28
16.11.06;28
17.11.06;28
20.11.06;28
21.11.06;28
22.11.06;28
23.11.06;28
24.11.06;28
27.11.06;28
28.11.06;28
29.11.06;28
30.11.06;28
01.12.06;28
04.12.06;28
05.12.06;28
06.12.06;28
07.12.06;27
08.12.06;27
11.12.06;27
12.12.06;27
13.12.06;27
14.12.06;27
15.12.06;27
18.12.06;27
19.12.06;27
20.12.06;27
21.12.06;27
22.12.06;27
27.12.06;27
28.12.06;27
29.12.06;27
02.01.07;27
03.01.07;27
04.01.07;27
05.01.07;27
08.01.07;27
09.01.07;27
10.01.07;27
11.01.07;27
12.01.07;27
15.01.07;27
16.01.07;27
17.01.07;27
18.01.07;27
19.01.07;27
22.01.07;27
23.01.07;27
24.01.07;27
25.01.07;27
26.01.07;27
29.01.07;27
30.01.07;27
31.01.07;27
01.02.07;27
02.02.07;27
05.02.07;27
06.02.07;27
07.02.07;27
08.02.07;27
09.02.07;27
12.02.07;27
13.02.07;27
14.02.07;27
15.02.07;27
16.02.07;27
19.02.07;27
20.02.07;27
21.02.07;27
22.02.07;27
23.02.07;27
26.02.07;27
27.02.07;27
28.02.07;27
01.03.07;27
02.03.07;27
05.03.07;27
06.03.07;28
07.03.07;27
08.03.07;27
09.03.07;27
12.03.07;27
13.03.07;27
14.03.07;27
15.03.07;27
16.03.07;27
19.03.07;27
20.03.07;27
21.03.07;27
22.03.07;27
23.03.07;27
26.03.07;27
27.03.07;27
28.03.07;27
29.03.07;27
30.03.07;27
02.04.07;27
03.04.07;27
04.04.07;27
05.04.07;27
10.04.07;27
11.04.07;27
12.04.07;27
13.04.07;27
16.04.07;27
17.04.07;27
18.04.07;27
19.04.07;27
20.04.07;27
23.04.07;27
24.04.07;27
25.04.07;27
26.04.07;27
27.04.07;27
30.04.07;27
01.05.07;27
02.05.07;27
03.05.07;27
04.05.07;27
08.05.07;27
09.05.07;27
10.05.07;27
11.05.07;27
14.05.07;27
15.05.07;28
16.05.07;28
17.05.07;28
18.05.07;28
21.05.07;28
22.05.07;28
23.05.07;28
24.05.07;28
25.05.07;28
29.05.07;29
30.05.07;29
31.05.07;29
01.06.07;29
04.06.07;29
05.06.07;29
06.06.07;29
07.06.07;29
08.06.07;29
11.06.07;29
12.06.07;29
13.06.07;29
14.06.07;29
15.06.07;29
18.06.07;29
19.06.07;29
20.06.07;29
21.06.07;29
22.06.07;29
25.06.07;29
26.06.07;29
27.06.07;29
28.06.07;29
29.06.07;29
02.07.07;29
03.07.07;29
04.07.07;29
05.07.07;29
06.07.07;29
09.07.07;29
10.07.07;29
11.07.07;29
12.07.07;29
13.07.07;29
16.07.07;28
17.07.07;28
18.07.07;28
19.07.07;28
20.07.07;28
23.07.07;28
24.07.07;28
25.07.07;28
26.07.07;28
27.07.07;28
30.07.07;28
31.07.07;28
01.08.07;28
02.08.07;28
03.08.07;28
06.08.07;28
07.08.07;28
08.08.07;28
09.08.07;28
10.08.07;28
13.08.07;28
14.08.07;28
15.08.07;28
16.08.07;28
17.08.07;28
20.08.07;28
21.08.07;28
22.08.07;28
23.08.07;28
24.08.07;28
28.08.07;28
29.08.07;28
30.08.07;28
31.08.07;28
03.09.07;28
04.09.07;28
05.09.07;28
06.09.07;28
07.09.07;28
10.09.07;28
11.09.07;28
12.09.07;28
13.09.07;28
14.09.07;28
17.09.07;28
18.09.07;28
19.09.07;28
20.09.07;28
21.09.07;28
24.09.07;28
25.09.07;29
26.09.07;29
27.09.07;29
28.09.07;29
01.10.07;29
02.10.07;29
03.10.07;29
04.10.07;29
05.10.07;29
08.10.07;29
09.10.07;29
10.10.07;29
11.10.07;29
12.10.07;29
15.10.07;29
16.10.07;29
17.10.07;29
18.10.07;29
19.10.07;29
22.10.07;29
23.10.07;29
24.10.07;29
25.10.07;29
26.10.07;29
29.10.07;29
30.10.07;29
31.10.07;29
01.11.07;29
02.11.07;29
05.11.07;29
06.11.07;29
07.11.07;29
08.11.07;29
09.11.07;29
12.11.07;29
13.11.07;29
14.11.07;29
15.11.07;29
16.11.07;29
19.11.07;29
20.11.07;29
21.11.07;29
22.11.07;29
23.11.07;29
26.11.07;29
27.11.07;29
28.11.07;29
29.11.07;29
30.11.07;29
03.12.07;29
04.12.07;29
05.12.07;29
06.12.07;29
07.12.07;28
10.12.07;28
11.12.07;28
12.12.07;28
13.12.07;28
14.12.07;28
17.12.07;28
18.12.07;28
19.12.07;28
20.12.07;28
21.12.07;28
24.12.07;28
27.12.07;28
28.12.07;28
31.12.07;28
02.01.08;28
03.01.08;28
04.01.08;28
07.01.08;28
08.01.08;28
09.01.08;28
10.01.08;28
11.01.08;28
14.01.08;28
15.01.08;28
16.01.08;28
17.01.08;28
18.01.08;28
21.01.08;28
22.01.08;28
23.01.08;28
24.01.08;28
25.01.08;28
28.01.08;28
29.01.08;28
30.01.08;28
31.01.08;28
01.02.08;28
04.02.08;28
05.02.08;28
06.02.08;28
07.02.08;28
08.02.08;28
11.02.08;28
12.02.08;28
13.02.08;28
14.02.08;28
15.02.08;28
18.02.08;28
19.02.08;28
20.02.08;28
21.02.08;28
22.02.08;28
25.02.08;28
26.02.08;29
27.02.08;29
28.02.08;29
29.02.08;29
03.03.08;29
04.03.08;29
05.03.08;29
06.03.08;29
07.03.08;28
10.03.08;28
11.03.08;28
12.03.08;28
13.03.08;28
14.03.08;28
17.03.08;28
18.03.08;28
19.03.08;28
20.03.08;28
25.03.08;28
26.03.08;28
27.03.08;28
28.03.08;28
31.03.08;28
01.04.08;28
02.04.08;28
03.04.08;28
04.04.08;28
07.04.08;28
08.04.08;28
09.04.08;28
10.04.08;28
11.04.08;28
14.04.08;28
15.04.08;28
16.04.08;28
17.04.08;28
18.04.08;28
21.04.08;28
22.04.08;28
23.04.08;28
24.04.08;28
25.04.08;28
28.04.08;28
29.04.08;28
30.04.08;28
01.05.08;28
02.05.08;28
06.05.08;28
07.05.08;28
08.05.08;28
09.05.08;28
12.05.08;28
13.05.08;28
14.05.08;28
15.05.08;28
16.05.08;28
19.05.08;28
20.05.08;28
21.05.08;28
22.05.08;28
23.05.08;28
27.05.08;28
28.05.08;28
29.05.08;28
30.05.08;28
02.06.08;28
03.06.08;28
04.06.08;28
05.06.08;28
06.06.08;28
09.06.08;28
10.06.08;28
11.06.08;28
12.06.08;28
13.06.08;28
16.06.08;28
17.06.08;28
18.06.08;28
19.06.08;28
20.06.08;28
23.06.08;28
24.06.08;28
25.06.08;28
26.06.08;28
27.06.08;28
30.06.08;28
01.07.08;28
02.07.08;28
03.07.08;28
04.07.08;28
07.07.08;28
08.07.08;28
09.07.08;28
10.07.08;28
11.07.08;28
14.07.08;28
15.07.08;28
16.07.08;28
17.07.08;28
18.07.08;28
21.07.08;28
22.07.08;28
23.07.08;28
24.07.08;28
25.07.08;28
28.07.08;28
29.07.08;28
30.07.08;28
31.07.08;28
01.08.08;28
04.08.08;28
05.08.08;28
06.08.08;28
07.08.08;28
08.08.08;28
11.08.08;28
12.08.08;28
13.08.08;28
14.08.08;28
15.08.08;28
18.08.08;28
19.08.08;28
20.08.08;28
21.08.08;28
22.08.08;28
26.08.08;29
27.08.08;29
28.08.08;29
29.08.08;29
01.09.08;29
02.09.08;29
03.09.08;29
04.09.08;29
05.09.08;29
08.09.08;29
09.09.08;29
10.09.08;29
11.09.08;29
12.09.08;29
15.09.08;29
16.09.08;30
17.09.08;30
18.09.08;30
19.09.08;30
22.09.08;30
23.09.08;30
24.09.08;30
25.09.08;30
26.09.08;30
29.09.08;30
30.09.08;30
01.10.08;30
02.10.08;30
03.10.08;30
06.10.08;30
07.10.08;30
08.10.08;30
09.10.08;30
10.10.08;30
13.10.08;30
14.10.08;30
15.10.08;30
16.10.08;30
17.10.08;30
20.10.08;30
21.10.08;30
22.10.08;30
23.10.08;30
24.10.08;30
27.10.08;30
28.10.08;30
29.10.08;30
30.10.08;30
31.10.08;30
03.11.08;30
04.11.08;31
05.11.08;31
06.11.08;31
07.11.08;31
10.11.08;31
11.11.08;31
12.11.08;31
13.11.08;31
14.11.08;31
17.11.08;31
18.11.08;31
19.11.08;31
20.11.08;31
21.11.08;31
24.11.08;31
25.11.08;31
26.11.08;31
27.11.08;31
28.11.08;31
01.12.08;31
02.12.08;31
03.12.08;31
04.12.08;31
05.12.08;31
08.12.08;31
09.12.08;31
10.12.08;31
11.12.08;31
12.12.08;31
15.12.08;31
16.12.08;31
17.12.08;31
18.12.08;31
19.12.08;31
22.12.08;31
23.12.08;31
24.12.08;31
29.12.08;31
30.12.08;31
31.12.08;31
02.01.09;31
05.01.09;31
06.01.09;31
07.01.09;31
08.01.09;31
09.01.09;31
12.01.09;31
13.01.09;31
14.01.09;31
15.01.09;31
16.01.09;31
19.01.09;31
20.01.09;31
21.01.09;31
22.01.09;31
23.01.09;31
26.01.09;31
27.01.09;31
28.01.09;31
29.01.09;31
30.01.09;31
02.02.09;31
03.02.09;31
04.02.09;31
05.02.09;31
06.02.09;31
09.02.09;31
10.02.09;31
11.02.09;31
12.02.09;31
13.02.09;31
16.02.09;31
17.02.09;32
18.02.09;32
19.02.09;32
20.02.09;32
23.02.09;32
24.02.09;33
25.02.09;33
26.02.09;33
27.02.09;33
02.03.09;33
03.03.09;33
04.03.09;33
05.03.09;33
06.03.09;33
09.03.09;32
10.03.09;33
11.03.09;33
12.03.09;33
13.03.09;33
16.03.09;33
17.03.09;33
18.03.09;33
19.03.09;33
20.03.09;33
23.03.09;33
24.03.09;33
25.03.09;33
26.03.09;33
27.03.09;33
30.03.09;33
31.03.09;33
01.04.09;33
02.04.09;33
03.04.09;33
06.04.09;33
07.04.09;33
08.04.09;33
09.04.09;33
14.04.09;33
15.04.09;33
16.04.09;33
17.04.09;33
20.04.09;33
21.04.09;33
22.04.09;33
23.04.09;33
24.04.09;33
27.04.09;33
28.04.09;33
29.04.09;33
30.04.09;33
01.05.09;33
05.05.09;33
06.05.09;33
07.05.09;33
08.05.09;33
11.05.09;33
12.05.09;33
13.05.09;33
14.05.09;33
15.05.09;33
18.05.09;33
19.05.09;33
20.05.09;33
21.05.09;33
22.05.09;33
26.05.09;33
27.05.09;33
28.05.09;33
29.05.09;33
01.06.09;33
02.06.09;33
03.06.09;33
04.06.09;33
05.06.09;33
08.06.09;33
09.06.09;33
10.06.09;33
11.06.09;33
12.06.09;33
15.06.09;33
16.06.09;34
17.06.09;34
18.06.09;34
19.06.09;34
22.06.09;34
23.06.09;34
24.06.09;34
25.06.09;34
26.06.09;34
29.06.09;34
30.06.09;35
01.07.09;35
02.07.09;35
03.07.09;35
06.07.09;35
07.07.09;35
08.07.09;35
09.07.09;35
10.07.09;35
13.07.09;35
14.07.09;35
15.07.09;35
16.07.09;35
17.07.09;35
20.07.09;35
21.07.09;35
22.07.09;35
23.07.09;35
24.07.09;35
27.07.09;35
28.07.09;35
29.07.09;35
30.07.09;35
31.07.09;35
03.08.09;35
04.08.09;35
05.08.09;35
06.08.09;35
07.08.09;35
10.08.09;35
11.08.09;35
12.08.09;35
13.08.09;35
14.08.09;35
17.08.09;35
18.08.09;35
19.08.09;35
20.08.09;35
21.08.09;35
24.08.09;35
25.08.09;35
26.08.09;35
27.08.09;35
28.08.09;35
01.09.09;35
02.09.09;35
03.09.09;35
04.09.09;35
07.09.09;35
08.09.09;35
09.09.09;35
10.09.09;35
11.09.09;35
14.09.09;35
15.09.09;35
16.09.09;35
17.09.09;35
18.09.09;35
21.09.09;35
22.09.09;35
23.09.09;35
24.09.09;35
25.09.09;35
28.09.09;35
29.09.09;35
30.09.09;35
01.10.09;35
02.10.09;35
05.10.09;35
06.10.09;35
07.10.09;35
08.10.09;35
09.10.09;35
12.10.09;35
13.10.09;35
14.10.09;35
15.10.09;35
16.10.09;35
19.10.09;35
20.10.09;35
21.10.09;36
22.10.09;36
23.10.09;36
26.10.09;36
27.10.09;37
28.10.09;37
29.10.09;37
30.10.09;37
02.11.09;37
03.11.09;37
04.11.09;37
05.11.09;37
06.11.09;37
09.11.09;37
10.11.09;37
11.11.09;37
12.11.09;37
13.11.09;37
16.11.09;37
17.11.09;37
18.11.09;37
19.11.09;37
20.11.09;37
23.11.09;37
24.11.09;37
25.11.09;37
26.11.09;37
27.11.09;37
30.11.09;37
01.12.09;37
02.12.09;37
03.12.09;37
04.12.09;37
07.12.09;36
08.12.09;36
09.12.09;36
10.12.09;36
11.12.09;36
14.12.09;36
15.12.09;36
16.12.09;36
17.12.09;36
18.12.09;36
21.12.09;36
22.12.09;36
23.12.09;36
24.12.09;36
29.12.09;36
30.12.09;36
31.12.09;36
04.01.10;36
05.01.10;36
06.01.10;36
07.01.10;36
08.01.10;36
11.01.10;36
12.01.10;36
13.01.10;36
14.01.10;36
15.01.10;36
18.01.10;36
19.01.10;36
20.01.10;36
21.01.10;36
22.01.10;36
25.01.10;36
26.01.10;36
27.01.10;36
28.01.10;36
29.01.10;36
01.02.10;36
02.02.10;36
03.02.10;36
04.02.10;36
05.02.10;36
08.02.10;36
09.02.10;36
10.02.10;36
11.02.10;36
12.02.10;36
15.02.10;36
16.02.10;36
17.02.10;36
18.02.10;36
19.02.10;36
22.02.10;36
23.02.10;36
24.02.10;36
25.02.10;36
26.02.10;36
01.03.10;36
02.03.10;36
03.03.10;36
04.03.10;36
05.03.10;36
08.03.10;36
09.03.10;36
10.03.10;36
11.03.10;36
12.03.10;36
15.03.10;36
16.03.10;36
17.03.10;36
18.03.10;36
19.03.10;36
22.03.10;36
23.03.10;36
24.03.10;36
25.03.10;36
26.03.10;36
29.03.10;36
30.03.10;36
31.03.10;36
01.04.10;36
06.04.10;36
07.04.10;36
08.04.10;36
09.04.10;36
12.04.10;36
13.04.10;36
14.04.10;36
15.04.10;36
16.04.10;36
19.04.10;36
20.04.10;36
21.04.10;36
22.04.10;36
23.04.10;36
26.04.10;36
27.04.10;36
28.04.10;36
29.04.10;36
30.04.10;36
04.05.10;36
05.05.10;36
06.05.10;36
07.05.10;36
10.05.10;36
11.05.10;36
12.05.10;36
13.05.10;36
14.05.10;36
17.05.10;36
18.05.10;36
19.05.10;36
20.05.10;36
21.05.10;36
24.05.10;36
25.05.10;36
26.05.10;36
27.05.10;36
28.05.10;36
01.06.10;37
02.06.10;37
03.06.10;37
04.06.10;37
07.06.10;36
08.06.10;36
09.06.10;36
10.06.10;36
11.06.10;36
14.06.10;36
15.06.10;36
16.06.10;36
17.06.10;36
18.06.10;36
21.06.10;36
22.06.10;36
23.06.10;36
24.06.10;36
25.06.10;36
28.06.10;36
29.06.10;37
30.06.10;37
01.07.10;37
02.07.10;37
05.07.10;37
06.07.10;37
07.07.10;37
08.07.10;37
09.07.10;37
12.07.10;37
13.07.10;37
14.07.10;37
15.07.10;37
16.07.10;37
19.07.10;37
20.07.10;37
21.07.10;37
22.07.10;37
23.07.10;37
26.07.10;37
27.07.10;37
28.07.10;37
29.07.10;37
30.07.10;37
02.08.10;37
03.08.10;37
04.08.10;37
05.08.10;37
06.08.10;37
09.08.10;37
10.08.10;37
11.08.10;37
12.08.10;37
13.08.10;37
16.08.10;37
17.08.10;37
18.08.10;37
19.08.10;37
20.08.10;37
23.08.10;37
24.08.10;37
25.08.10;37
26.08.10;37
27.08.10;37
31.08.10;37
01.09.10;37
02.09.10;37
03.09.10;37
06.09.10;37
07.09.10;37
08.09.10;37
09.09.10;37
10.09.10;37
13.09.10;37
14.09.10;37
15.09.10;37
16.09.10;37
17.09.10;37
20.09.10;37
21.09.10;37
22.09.10;37
23.09.10;37
24.09.10;37
27.09.10;37
28.09.10;37
29.09.10;37
30.09.10;37
01.10.10;37
04.10.10;37
05.10.10;37
06.10.10;37
07.10.10;37
08.10.10;37
11.10.10;37
12.10.10;37
13.10.10;37
14.10.10;37
15.10.10;37
18.10.10;37
19.10.10;37
20.10.10;37
21.10.10;37
22.10.10;37
25.10.10;37
26.10.10;38
27.10.10;38
28.10.10;38
29.10.10;38
01.11.10;38
02.11.10;38
03.11.10;38
04.11.10;38
05.11.10;38
08.11.10;38
09.11.10;38
10.11.10;38
11.11.10;38
12.11.10;38
15.11.10;38
16.11.10;38
17.11.10;38
18.11.10;38
19.11.10;38
22.11.10;38
23.11.10;38
24.11.10;38
25.11.10;37
26.11.10;37
29.11.10;37
30.11.10;37
01.12.10;37
02.12.10;37
03.12.10;37
06.12.10;37
07.12.10;37
08.12.10;37
09.12.10;37
10.12.10;37
13.12.10;37
14.12.10;37
15.12.10;37
16.12.10;37
17.12.10;37
20.12.10;37
21.12.10;37
22.12.10;37
23.12.10;37
24.12.10;37
29.12.10;37
30.12.10;37
31.12.10;37
04.01.11;37
05.01.11;37
06.01.11;37
07.01.11;37
10.01.11;37
11.01.11;37
12.01.11;37
13.01.11;37
14.01.11;37
17.01.11;37
18.01.11;37
19.01.11;37
20.01.11;37
21.01.11;37
24.01.11;37
25.01.11;37
26.01.11;37
27.01.11;37
28.01.11;37
31.01.11;37
01.02.11;37
02.02.11;37
03.02.11;37
04.02.11;37
07.02.11;37
08.02.11;37
09.02.11;37
10.02.11;37
11.02.11;37
14.02.11;37
15.02.11;37
16.02.11;37
17.02.11;37
18.02.11;37
21.02.11;37
22.02.11;37
23.02.11;37
24.02.11;37
25.02.11;37
28.02.11;37
01.03.11;37
02.03.11;37
03.03.11;37
04.03.11;37
07.03.11;36
08.03.11;37
09.03.11;37
10.03.11;37
11.03.11;37
14.03.11;37
15.03.11;37
16.03.11;37
17.03.11;37
18.03.11;37
21.03.11;37
22.03.11;37
23.03.11;37
24.03.11;37
25.03.11;37
28.03.11;37
29.03.11;37
30.03.11;37
31.03.11;37
01.04.11;37
04.04.11;37
05.04.11;37
06.04.11;37
07.04.11;37
08.04.11;37
11.04.11;37
12.04.11;37
13.04.11;37
14.04.11;37
15.04.11;37
18.04.11;37
19.04.11;37
20.04.11;37
21.04.11;37
26.04.11;37
27.04.11;37
28.04.11;37
03.05.11;37
04.05.11;37
05.05.11;37
06.05.11;37
09.05.11;37
10.05.11;37
11.05.11;37
12.05.11;37
13.05.11;37
16.05.11;37
17.05.11;37
18.05.11;37
19.05.11;37
20.05.11;37
23.05.11;37
24.05.11;37
25.05.11;37
26.05.11;37
27.05.11;37
31.05.11;37
01.06.11;37
02.06.11;37
03.06.11;37
06.06.11;37
07.06.11;37
08.06.11;37
09.06.11;37
10.06.11;37
13.06.11;37
14.06.11;37
15.06.11;37
16.06.11;37
17.06.11;37
20.06.11;37
21.06.11;37
22.06.11;37
23.06.11;37
24.06.11;37
27.06.11;37
28.06.11;37
29.06.11;37
30.06.11;37
01.07.11;37
04.07.11;37
05.07.11;37
06.07.11;37
07.07.11;37
08.07.11;37
11.07.11;37
12.07.11;36
13.07.11;36
14.07.11;36
15.07.11;36
18.07.11;36
19.07.11;36
20.07.11;36
21.07.11;36
22.07.11;36
25.07.11;36
26.07.11;36
27.07.11;36
28.07.11;36
29.07.11;36
01.08.11;36
02.08.11;36
03.08.11;36
04.08.11;36
05.08.11;36
08.08.11;36
09.08.11;37
10.08.11;37
11.08.11;37
12.08.11;37
15.08.11;37
16.08.11;37
17.08.11;37
18.08.11;37
19.08.11;37
22.08.11;37
23.08.11;37
24.08.11;37
25.08.11;37
26.08.11;37
30.08.11;37
31.08.11;37
01.09.11;37
02.09.11;37
05.09.11;37
06.09.11;37
07.09.11;37
08.09.11;37
09.09.11;37
12.09.11;37
13.09.11;37
14.09.11;37
15.09.11;37
16.09.11;37
19.09.11;37
20.09.11;37
21.09.11;37
22.09.11;37
23.09.11;37
26.09.11;37
27.09.11;38
28.09.11;38
29.09.11;38
30.09.11;38
03.10.11;38
04.10.11;38
05.10.11;38
06.10.11;38
07.10.11;38
10.10.11;38
11.10.11;38
12.10.11;38
13.10.11;38
14.10.11;38
17.10.11;38
18.10.11;38
19.10.11;38
20.10.11;38
21.10.11;38
24.10.11;38
25.10.11;38
26.10.11;38
27.10.11;38
28.10.11;38
31.10.11;38
01.11.11;38
02.11.11;38
03.11.11;38
04.11.11;38
07.11.11;38
08.11.11;38
09.11.11;38
10.11.11;38
11.11.11;38
14.11.11;38
15.11.11;38
16.11.11;38
17.11.11;38
18.11.11;38
21.11.11;38
22.11.11;38
23.11.11;38
24.11.11;38
25.11.11;38
28.11.11;38
29.11.11;38
30.11.11;38
01.12.11;38
02.12.11;38
05.12.11;38
06.12.11;38
07.12.11;37
08.12.11;37
09.12.11;37
12.12.11;37
13.12.11;37
14.12.11;37
15.12.11;37
16.12.11;37
19.12.11;37
20.12.11;37
21.12.11;37
22.12.11;37
23.12.11;37
28.12.11;37
29.12.11;37
30.12.11;37
03.01.12;37
04.01.12;37
05.01.12;37
06.01.12;37
09.01.12;37
10.01.12;37
11.01.12;37
12.01.12;37
13.01.12;37
16.01.12;37
17.01.12;37
18.01.12;37
19.01.12;37
20.01.12;37
23.01.12;37
24.01.12;37
25.01.12;37
26.01.12;37
27.01.12;37
30.01.12;37
31.01.12;37
01.02.12;37
02.02.12;37
03.02.12;37
06.02.12;37
07.02.12;37
08.02.12;37
09.02.12;37
10.02.12;37
13.02.12;37
14.02.12;37
15.02.12;37
16.02.12;37
17.02.12;37
20.02.12;37
21.02.12;37
22.02.12;37
23.02.12;37
24.02.12;37
27.02.12;37
28.02.12;38
29.02.12;38
01.03.12;38
02.03.12;38
05.03.12;38
06.03.12;38
07.03.12;37
08.03.12;37
09.03.12;37
12.03.12;37
13.03.12;37
14.03.12;37
15.03.12;37
16.03.12;37
19.03.12;37
20.03.12;37
21.03.12;37
22.03.12;37
23.03.12;37
26.03.12;37
27.03.12;37
28.03.12;37
29.03.12;37
30.03.12;37
02.04.12;37
03.04.12;37
04.04.12;37
05.04.12;37
10.04.12;37
11.04.12;37
12.04.12;37
13.04.12;37
16.04.12;37
17.04.12;37
18.04.12;37
19.04.12;37
20.04.12;37
23.04.12;37
24.04.12;37
25.04.12;37
26.04.12;37
27.04.12;37
30.04.12;37
01.05.12;37
02.05.12;37
03.05.12;37
04.05.12;37
08.05.12;37
09.05.12;37
10.05.12;37
11.05.12;37
14.05.12;37
15.05.12;37
16.05.12;37
17.05.12;37
18.05.12;37
21.05.12;37
22.05.12;37
23.05.12;37
24.05.12;37
25.05.12;37
28.05.12;37
29.05.12;37
30.05.12;37
31.05.12;37
01.06.12;37
06.06.12;37
07.06.12;36
08.06.12;36
11.06.12;36
12.06.12;37
13.06.12;37
14.06.12;37
15.06.12;37
18.06.12;37
19.06.12;37
20.06.12;37
21.06.12;37
22.06.12;37
25.06.12;37
26.06.12;37
27.06.12;37
28.06.12;37
29.06.12;37
02.07.12;37
03.07.12;37
04.07.12;37
05.07.12;37
06.07.12;37
09.07.12;37
10.07.12;37
11.07.12;37
12.07.12;37
13.07.12;37
16.07.12;37
17.07.12;37
18.07.12;37
19.07.12;37
20.07.12;37
23.07.12;37
24.07.12;37
25.07.12;37
26.07.12;37
27.07.12;37
30.07.12;37
31.07.12;37
01.08.12;37
02.08.12;37
03.08.12;37
06.08.12;37
07.08.12;37
08.08.12;37
09.08.12;37
10.08.12;37
13.08.12;37
14.08.12;37
15.08.12;37
16.08.12;37
17.08.12;37
20.08.12;37
21.08.12;37
22.08.12;37
23.08.12;37
24.08.12;37
28.08.12;37
29.08.12;37
30.08.12;37
31.08.12;37
03.09.12;37
04.09.12;37
05.09.12;37
06.09.12;37
07.09.12;37
10.09.12;37
11.09.12;37
12.09.12;37
13.09.12;37
14.09.12;37
17.09.12;37
18.09.12;37
19.09.12;37
20.09.12;37
21.09.12;37
24.09.12;37
25.09.12;37
26.09.12;37
27.09.12;37
28.09.12;37
01.10.12;37
02.10.12;37
03.10.12;37
04.10.12;37
05.10.12;37
08.10.12;37
09.10.12;37
10.10.12;37
11.10.12;37
12.10.12;37
15.10.12;37
16.10.12;37
17.10.12;37
18.10.12;37
19.10.12;37
22.10.12;37
23.10.12;38
24.10.12;38
25.10.12;38
26.10.12;38
29.10.12;38
30.10.12;38
31.10.12;38
01.11.12;38
02.11.12;38
05.11.12;38
06.11.12;38
07.11.12;38
08.11.12;38
09.11.12;38
12.11.12;38
13.11.12;38
14.11.12;38
15.11.12;38
16.11.12;38
19.11.12;38
20.11.12;38
21.11.12;38
22.11.12;38
23.11.12;38
26.11.12;38
27.11.12;38
28.11.12;38
29.11.12;38
30.11.12;38
03.12.12;38
04.12.12;38
05.12.12;38
06.12.12;38
07.12.12;38
10.12.12;38
11.12.12;38
12.12.12;38
13.12.12;38
14.12.12;38
17.12.12;38
18.12.12;38
19.12.12;38
20.12.12;38
21.12.12;38
24.12.12;38
27.12.12;38
28.12.12;38
31.12.12;38
02.01.13;38
03.01.13;38
04.01.13;38
07.01.13;38
08.01.13;38
09.01.13;38
10.01.13;38
11.01.13;38
14.01.13;38
15.01.13;38
16.01.13;38
17.01.13;38
18.01.13;38
21.01.13;38
22.01.13;38
23.01.13;38
24.01.13;38
25.01.13;38
28.01.13;38
29.01.13;38
30.01.13;38
31.01.13;38
01.02.13;38
04.02.13;38
05.02.13;39
06.02.13;39
07.02.13;39
08.02.13;39
11.02.13;39
12.02.13;39
13.02.13;39
14.02.13;39
15.02.13;39
18.02.13;39
19.02.13;39
20.02.13;39
21.02.13;39
22.02.13;39
25.02.13;39
26.02.13;39
27.02.13;39
28.02.13;39
01.03.13;39
04.03.13;39
05.03.13;39
06.03.13;39
07.03.13;38
08.03.13;38
11.03.13;38
12.03.13;38
13.03.13;38
14.03.13;38
15.03.13;38
18.03.13;38
19.03.13;38
20.03.13;38
21.03.13;38
22.03.13;38
25.03.13;38
26.03.13;38
27.03.13;38
28.03.13;38
02.04.13;38
03.04.13;38
04.04.13;38
05.04.13;38
08.04.13;38
09.04.13;38
10.04.13;38
11.04.13;38
12.04.13;38
15.04.13;38
16.04.13;38
17.04.13;38
18.04.13;38
19.04.13;38
22.04.13;38
23.04.13;38
24.04.13;38
25.04.13;38
26.04.13;38
29.04.13;38
30.04.13;38
01.05.13;38
02.05.13;38
03.05.13;38
07.05.13;38
08.05.13;38
09.05.13;38
10.05.13;38
13.05.13;38
14.05.13;38
15.05.13;38
16.05.13;38
17.05.13;38
20.05.13;38
21.05.13;38
22.05.13;38
23.05.13;38
24.05.13;38
28.05.13;38
29.05.13;38
30.05.13;38
31.05.13;38
03.06.13;38
04.06.13;39
05.06.13;39
06.06.13;39
07.06.13;39
10.06.13;39
11.06.13;39
12.06.13;39
13.06.13;39
14.06.13;39
17.06.13;39
18.06.13;39
19.06.13;39
20.06.13;39
21.06.13;39
24.06.13;39
25.06.13;40
26.06.13;40
27.06.13;40
28.06.13;40
01.07.13;40
02.07.13;40
03.07.13;40
04.07.13;40
05.07.13;40
08.07.13;40
09.07.13;40
10.07.13;40
11.07.13;40
12.07.13;40
15.07.13;40
16.07.13;40
17.07.13;40
18.07.13;40
19.07.13;40
22.07.13;40
23.07.13;40
24.07.13;40
25.07.13;40
26.07.13;40
29.07.13;40
30.07.13;40
31.07.13;40
01.08.13;40
02.08.13;40
05.08.13;40
06.08.13;40
07.08.13;40
08.08.13;40
09.08.13;40
12.08.13;40
13.08.13;40
14.08.13;40
15.08.13;40
16.08.13;40
19.08.13;40
20.08.13;40
21.08.13;40
22.08.13;40
23.08.13;40
27.08.13;40
28.08.13;40
29.08.13;40
30.08.13;40
02.09.13;40
03.09.13;40
04.09.13;40
05.09.13;40
06.09.13;40
09.09.13;40
10.09.13;40
11.09.13;40
12.09.13;40
13.09.13;40
16.09.13;40
17.09.13;40
18.09.13;40
19.09.13;40
20.09.13;40
23.09.13;40
24.09.13;40
25.09.13;40
26.09.13;40
27.09.13;39
30.09.13;39
01.10.13;39
02.10.13;39
03.10.13;39
04.10.13;39
07.10.13;39
08.10.13;39
09.10.13;39
10.10.13;39
11.10.13;39
14.10.13;39
15.10.13;39
16.10.13;39
17.10.13;39
18.10.13;39
21.10.13;39
22.10.13;39
23.10.13;39
24.10.13;39
25.10.13;39
28.10.13;39
29.10.13;39
30.10.13;39
31.10.13;39
01.11.13;39
04.11.13;39
05.11.13;39
06.11.13;39
07.11.13;39
08.11.13;39
11.11.13;39
12.11.13;40
13.11.13;40
14.11.13;40
15.11.13;40
18.11.13;40
19.11.13;40
20.11.13;40
21.11.13;40
22.11.13;40
25.11.13;40
26.11.13;40
27.11.13;40
28.11.13;40
29.11.13;40
02.12.13;40
03.12.13;40
04.12.13;40
05.12.13;40
06.12.13;40
09.12.13;40
10.12.13;40
11.12.13;40
12.12.13;40
13.12.13;40
16.12.13;40
17.12.13;40
18.12.13;40
19.12.13;40
20.12.13;40
23.12.13;40
24.12.13;40
27.12.13;40
30.12.13;40
31.12.13;40
02.01.14;40
03.01.14;40
06.01.14;40
07.01.14;40
08.01.14;40
09.01.14;40
10.01.14;40
13.01.14;40
14.01.14;40
15.01.14;40
16.01.14;40
17.01.14;40
20.01.14;40
21.01.14;40
22.01.14;40
23.01.14;40
24.01.14;40
27.01.14;40
28.01.14;40
29.01.14;40
30.01.14;40
31.01.14;40
03.02.14;40
04.02.14;40
05.02.14;40
06.02.14;40
07.02.14;40
10.02.14;40
11.02.14;40
12.02.14;40
13.02.14;40
14.02.14;40
17.02.14;40
18.02.14;40
19.02.14;40
20.02.14;40
21.02.14;40
24.02.14;40
25.02.14;40
26.02.14;40
27.02.14;40
28.02.14;40
03.03.14;40
04.03.14;41
05.03.14;41
06.03.14;41
07.03.14;40
10.03.14;40
11.03.14;40
12.03.14;40
13.03.14;40
14.03.14;40
17.03.14;40
18.03.14;40
19.03.14;40
20.03.14;40
21.03.14;40
24.03.14;40
25.03.14;40
26.03.14;40
27.03.14;40
28.03.14;40
31.03.14;40
01.04.14;40
02.04.14;40
03.04.14;40
04.04.14;40
07.04.14;40
08.04.14;40
09.04.14;40
10.04.14;40
11.04.14;40
14.04.14;40
15.04.14;40
16.04.14;40
17.04.14;40
22.04.14;40
23.04.14;40
24.04.14;40
25.04.14;40
28.04.14;40
29.04.14;40
30.04.14;40
01.05.14;40
02.05.14;40
06.05.14;40
07.05.14;40
08.05.14;40
09.05.14;40
12.05.14;40
13.05.14;40
14.05.14;40
15.05.14;40
16.05.14;40
19.05.14;40
20.05.14;40
21.05.14;40
22.05.14;40
23.05.14;40
27.05.14;40
28.05.14;40
29.05.14;40
30.05.14;40
02.06.14;40
03.06.14;40
04.06.14;40
05.06.14;40
06.06.14;40
09.06.14;40
10.06.14;40
11.06.14;40
12.06.14;40
13.06.14;40
16.06.14;40
17.06.14;40
18.06.14;40
19.06.14;40
20.06.14;40
23.06.14;40
24.06.14;41
25.06.14;41
26.06.14;41
27.06.14;41
30.06.14;41
01.07.14;41
02.07.14;41
03.07.14;41
04.07.14;41
07.07.14;41
08.07.14;41
09.07.14;41
10.07.14;41
11.07.14;41
14.07.14;41
15.07.14;41
16.07.14;41
17.07.14;41
18.07.14;41
21.07.14;41
22.07.14;41
23.07.14;41
24.07.14;41
25.07.14;41
28.07.14;41
29.07.14;41
30.07.14;41
31.07.14;41
01.08.14;41
04.08.14;41
05.08.14;41
06.08.14;41
07.08.14;41
08.08.14;41
11.08.14;41
12.08.14;41
13.08.14;41
14.08.14;41
15.08.14;41
18.08.14;41
19.08.14;41
20.08.14;41
21.08.14;41
22.08.14;41
26.08.14;42
27.08.14;42
28.08.14;42
29.08.14;42
01.09.14;42
02.09.14;42
03.09.14;42
04.09.14;42
05.09.14;42
08.09.14;41
09.09.14;41
10.09.14;41
11.09.14;41
12.09.14;41
15.09.14;41
16.09.14;41
17.09.14;41
18.09.14;41
19.09.14;41
22.09.14;41
23.09.14;41
24.09.14;41
25.09.14;41
26.09.14;41
29.09.14;41
30.09.14;41
01.10.14;41
02.10.14;41
03.10.14;41
06.10.14;41
07.10.14;41
08.10.14;41
09.10.14;41
10.10.14;41
13.10.14;41
14.10.14;41
15.10.14;41
16.10.14;41
17.10.14;41
20.10.14;41
21.10.14;41
22.10.14;41
23.10.14;41
24.10.14;41
27.10.14;41
28.10.14;41
29.10.14;41
30.10.14;41
31.10.14;41
03.11.14;41
04.11.14;41
05.11.14;41
06.11.14;41
07.11.14;41
10.11.14;41
11.11.14;41
12.11.14;41
13.11.14;41
14.11.14;41
17.11.14;41
18.11.14;41
19.11.14;41
20.11.14;41
21.11.14;41
24.11.14;41
25.11.14;41
26.11.14;41
27.11.14;41
28.11.14;41
01.12.14;41
02.12.14;41
03.12.14;41
04.12.14;41
05.12.14;41
08.12.14;41
09.12.14;41
10.12.14;41
11.12.14;41
12.12.14;41
15.12.14;41
16.12.14;41
17.12.14;41
18.12.14;41
19.12.14;41
22.12.14;41
23.12.14;41
24.12.14;41
29.12.14;41
30.12.14;41
31.12.14;41
02.01.15;41
05.01.15;41
06.01.15;41
07.01.15;41
08.01.15;41
09.01.15;41
12.01.15;41
13.01.15;41
14.01.15;41
15.01.15;41
16.01.15;41
19.01.15;41
20.01.15;41
21.01.15;41
22.01.15;40
23.01.15;40
26.01.15;40
27.01.15;40
28.01.15;40
29.01.15;40
30.01.15;40
02.02.15;40
03.02.15;40
04.02.15;40
05.02.15;40
06.02.15;40
09.02.15;40
10.02.15;40
11.02.15;40
12.02.15;40
13.02.15;40
16.02.15;40
17.02.15;40
18.02.15;40
19.02.15;40
20.02.15;40
23.02.15;40
24.02.15;40
25.02.15;40
26.02.15;40
27.02.15;40
02.03.15;40
03.03.15;40
04.03.15;40
05.03.15;40
06.03.15;40
09.03.15;40
10.03.15;41
11.03.15;41
12.03.15;41
13.03.15;41
16.03.15;41
17.03.15;41
18.03.15;41
19.03.15;41
20.03.15;41
23.03.15;41
24.03.15;41
25.03.15;41
26.03.15;41
27.03.15;41
30.03.15;41
31.03.15;41
01.04.15;41
02.04.15;41
07.04.15;41
08.04.15;41
09.04.15;41
10.04.15;41
13.04.15;41
14.04.15;41
15.04.15;41
16.04.15;41
17.04.15;41
20.04.15;41
21.04.15;41
22.04.15;41
23.04.15;41
24.04.15;41
27.04.15;41
28.04.15;41
29.04.15;41
30.04.15;41
01.05.15;41
05.05.15;41
06.05.15;41
07.05.15;41
08.05.15;41
11.05.15;41
12.05.15;41
13.05.15;41
14.05.15;41
15.05.15;41
18.05.15;41
19.05.15;41
20.05.15;41
21.05.15;41
22.05.15;41
26.05.15;41
27.05.15;41
28.05.15;41
29.05.15;41
01.06.15;41
02.06.15;41
03.06.15;41
04.06.15;41
05.06.15;41
08.06.15;41
09.06.15;41
10.06.15;41
11.06.15;41
12.06.15;41
15.06.15;41
16.06.15;41
17.06.15;41
18.06.15;41
19.06.15;41
22.06.15;41
23.06.15;41
24.06.15;41
25.06.15;41
26.06.15;41
29.06.15;41
30.06.15;41
01.07.15;41
02.07.15;41
03.07.15;41
06.07.15;41
07.07.15;41
08.07.15;41
09.07.15;41
10.07.15;41
13.07.15;41
14.07.15;41
15.07.15;41
16.07.15;41
17.07.15;41
20.07.15;41
21.07.15;41
22.07.15;41
23.07.15;41
24.07.15;41
27.07.15;41
28.07.15;41
29.07.15;41
30.07.15;41
31.07.15;41
03.08.15;41
04.08.15;41
05.08.15;41
06.08.15;41
07.08.15;41
10.08.15;41
11.08.15;41
12.08.15;41
13.08.15;41
14.08.15;41
17.08.15;41
18.08.15;41
19.08.15;41
20.08.15;41
21.08.15;41
24.08.15;41
25.08.15;42
26.08.15;42
27.08.15;42
28.08.15;42
01.09.15;42
02.09.15;42
03.09.15;42
04.09.15;42
07.09.15;41
08.09.15;41
09.09.15;41
10.09.15;41
11.09.15;41
14.09.15;41
15.09.15;41
16.09.15;41
17.09.15;41
18.09.15;41
21.09.15;41
22.09.15;41
23.09.15;41
24.09.15;41
25.09.15;41
28.09.15;41
29.09.15;41
30.09.15;41
01.10.15;41
02.10.15;41
05.10.15;41
06.10.15;41
07.10.15;41
08.10.15;41
09.10.15;41
12.10.15;41
13.10.15;41
14.10.15;41
15.10.15;41
16.10.15;41
19.10.15;41
20.10.15;42
21.10.15;42
22.10.15;42
23.10.15;42
26.10.15;42
27.10.15;42
28.10.15;42
29.10.15;42
30.10.15;42
02.11.15;42
03.11.15;42
04.11.15;42
05.11.15;42
06.11.15;42
09.11.15;42
10.11.15;42
11.11.15;42
12.11.15;42
13.11.15;42
16.11.15;42
17.11.15;42
18.11.15;42
19.11.15;42
20.11.15;42
23.11.15;42
24.11.15;42
25.11.15;42
26.11.15;42
27.11.15;42
30.11.15;42
01.12.15;42
02.12.15;42
03.12.15;42
04.12.15;42
07.12.15;41
08.12.15;41
09.12.15;41
10.12.15;41
11.12.15;41
14.12.15;41
15.12.15;41
16.12.15;41
17.12.15;41
18.12.15;41
21.12.15;41
22.12.15;41
23.12.15;41
24.12.15;41
29.12.15;41
30.12.15;41
31.12.15;41
04.01.16;41
05.01.16;41
06.01.16;41
07.01.16;41
08.01.16;41
11.01.16;41
12.01.16;41
13.01.16;41
14.01.16;41
15.01.16;41
18.01.16;41
19.01.16;41
20.01.16;41
21.01.16;41
22.01.16;40
25.01.16;40
26.01.16;40
27.01.16;40
28.01.16;40
29.01.16;40
01.02.16;40
02.02.16;40
03.02.16;40
04.02.16;40
05.02.16;40
08.02.16;40
09.02.16;41
10.02.16;41
11.02.16;41
12.02.16;41
15.02.16;41
16.02.16;41
17.02.16;41
18.02.16;41
19.02.16;41
22.02.16;41
23.02.16;41
24.02.16;41
25.02.16;41
26.02.16;41
29.02.16;41
01.03.16;41
02.03.16;41
03.03.16;41
04.03.16;41
07.03.16;41
08.03.16;41
09.03.16;41
10.03.16;41
11.03.16;41
14.03.16;41
15.03.16;41
16.03.16;41
17.03.16;41
18.03.16;41
21.03.16;41
22.03.16;41
23.03.16;41
24.03.16;41
29.03.16;41
30.03.16;41
31.03.16;41
01.04.16;41
04.04.16;41
05.04.16;41
06.04.16;41
07.04.16;41
08.04.16;41
11.04.16;41
12.04.16;41
13.04.16;41
14.04.16;41
15.04.16;41
18.04.16;41
19.04.16;41
20.04.16;41
21.04.16;41
22.04.16;41
25.04.16;41
26.04.16;41
27.04.16;41
28.04.16;41
29.04.16;41
03.05.16;41
04.05.16;41
05.05.16;41
06.05.16;41
09.05.16;41
10.05.16;41
11.05.16;41
12.05.16;41
13.05.16;41
16.05.16;41
17.05.16;41
18.05.16;41
19.05.16;41
20.05.16;41
23.05.16;41
24.05.16;41
25.05.16;41
26.05.16;41
27.05.16;41
31.05.16;41
01.06.16;41
02.06.16;41
03.06.16;41
06.06.16;41
07.06.16;41
08.06.16;41
09.06.16;41
10.06.16;41
13.06.16;41
14.06.16;41
15.06.16;41
16.06.16;41
17.06.16;41
20.06.16;41
21.06.16;41
22.06.16;41
23.06.16;41
24.06.16;41
27.06.16;41
28.06.16;41
29.06.16;41
30.06.16;41
01.07.16;41
04.07.16;41
05.07.16;41
06.07.16;41
07.07.16;41
08.07.16;41
11.07.16;41
12.07.16;41
13.07.16;41
14.07.16;41
15.07.16;41
18.07.16;41
19.07.16;41
20.07.16;41
21.07.16;41
22.07.16;41
25.07.16;41
26.07.16;42
27.07.16;42
28.07.16;42
29.07.16;42
01.08.16;42
02.08.16;42
03.08.16;42
04.08.16;42
05.08.16;42
08.08.16;42
09.08.16;42
10.08.16;42
11.08.16;42
12.08.16;42
15.08.16;42
16.08.16;42
17.08.16;42
18.08.16;42
19.08.16;42
22.08.16;42
23.08.16;42
24.08.16;42
25.08.16;42
26.08.16;42
30.08.16;42
31.08.16;42
01.09.16;42
02.09.16;42
05.09.16;42
06.09.16;42
07.09.16;41
08.09.16;41
09.09.16;41
12.09.16;41
13.09.16;42
14.09.16;42
15.09.16;42
16.09.16;42
19.09.16;42
20.09.16;42
21.09.16;42
22.09.16;42
23.09.16;42
26.09.16;42
27.09.16;42
28.09.16;42
29.09.16;42
30.09.16;42
03.10.16;42
04.10.16;42
05.10.16;42
06.10.16;42
07.10.16;42
10.10.16;42
11.10.16;42
12.10.16;42
13.10.16;42
14.10.16;42
17.10.16;42
18.10.16;42
19.10.16;42
20.10.16;42
21.10.16;42
24.10.16;42
25.10.16;42
26.10.16;42
27.10.16;42
28.10.16;42
31.10.16;42
01.11.16;43
02.11.16;43
03.11.16;43
04.11.16;43
07.11.16;43
08.11.16;43
09.11.16;43
10.11.16;43
11.11.16;43
14.11.16;43
15.11.16;43
16.11.16;43
17.11.16;43
18.11.16;43
21.11.16;43
22.11.16;43
23.11.16;43
24.11.16;43
25.11.16;43
28.11.16;43
29.11.16;43
30.11.16;43
01.12.16;43
02.12.16;43
05.12.16;43
06.12.16;43
07.12.16;43
08.12.16;43
09.12.16;43
12.12.16;43
13.12.16;43
14.12.16;43
15.12.16;43
16.12.16;43
19.12.16;43
20.12.16;43
21.12.16;43
22.12.16;43
23.12.16;43
28.12.16;43
29.12.16;43
30.12.16;43
03.01.17;43
04.01.17;43
05.01.17;43
06.01.17;43
09.01.17;43
10.01.17;43
11.01.17;43
12.01.17;43
13.01.17;43
16.01.17;43
17.01.17;43
18.01.17;43
19.01.17;43
20.01.17;43
23.01.17;42
24.01.17;43
25.01.17;43
26.01.17;43
27.01.17;43
30.01.17;43
31.01.17;43
01.02.17;43
02.02.17;43
03.02.17;43
06.02.17;43
07.02.17;43
08.02.17;43
09.02.17;43
10.02.17;43
13.02.17;43
14.02.17;43
15.02.17;43
16.02.17;43
17.02.17;43
20.02.17;43
21.02.17;43
22.02.17;43
23.02.17;43
24.02.17;43
27.02.17;43
28.02.17;43
01.03.17;43
02.03.17;43
03.03.17;43
06.03.17;43
07.03.17;44
08.03.17;44
09.03.17;44
10.03.17;44
13.03.17;44
14.03.17;44
15.03.17;44
16.03.17;44
17.03.17;44
20.03.17;44
21.03.17;44
22.03.17;44
23.03.17;44
24.03.17;44
27.03.17;44
28.03.17;44
29.03.17;44
30.03.17;44
31.03.17;44
03.04.17;44
04.04.17;44
05.04.17;44
06.04.17;44
07.04.17;44
10.04.17;44
11.04.17;44
12.04.17;44
13.04.17;44
18.04.17;44
19.04.17;44
20.04.17;44
21.04.17;44
24.04.17;44
25.04.17;44
26.04.17;44
27.04.17;44
28.04.17;44
02.05.17;44
03.05.17;44
04.05.17;44
05.05.17;44
08.05.17;44
09.05.17;44
10.05.17;44
11.05.17;44
12.05.17;44
15.05.17;44
16.05.17;44
17.05.17;44
18.05.17;44
19.05.17;44
22.05.17;44
23.05.17;44
24.05.17;44
25.05.17;44
26.05.17;44
30.05.17;44
31.05.17;44
01.06.17;44
02.06.17;44
05.06.17;44
06.06.17;44
07.06.17;44
08.06.17;44
09.06.17;44
12.06.17;44
13.06.17;44
14.06.17;44
15.06.17;44
16.06.17;44
19.06.17;44
20.06.17;44
21.06.17;44
22.06.17;44
23.06.17;44
26.06.17;44
27.06.17;44
28.06.17;44
29.06.17;44
30.06.17;44
03.07.17;44
04.07.17;44
05.07.17;44
06.07.17;44
07.07.17;44
10.07.17;44
11.07.17;45
12.07.17;45
13.07.17;45
14.07.17;45
17.07.17;45
18.07.17;45
19.07.17;45
20.07.17;45
21.07.17;45
24.07.17;45
25.07.17;45
26.07.17;45
27.07.17;45
28.07.17;45
31.07.17;45
01.08.17;45
02.08.17;45
03.08.17;45
04.08.17;45
07.08.17;45
08.08.17;45
09.08.17;45
10.08.17;45
11.08.17;45
14.08.17;45
15.08.17;45
16.08.17;45
17.08.17;45
18.08.17;45
21.08.17;45
22.08.17;45
23.08.17;45
24.08.17;45
25.08.17;44
29.08.17;44
30.08.17;44
31.08.17;44
01.09.17;44
04.09.17;44
05.09.17;44
06.09.17;44
07.09.17;43
08.09.17;43
11.09.17;43
12.09.17;43
13.09.17;43
14.09.17;43
15.09.17;43
18.09.17;43
19.09.17;43
20.09.17;43
21.09.17;43
22.09.17;43
25.09.17;43
26.09.17;43
27.09.17;43
28.09.17;43
29.09.17;43
02.10.17;43
03.10.17;43
04.10.17;43
05.10.17;43
06.10.17;43
09.10.17;43
10.10.17;43
11.10.17;43
12.10.17;43
13.10.17;43
16.10.17;43
17.10.17;43
18.10.17;43
19.10.17;43
20.10.17;43
23.10.17;43
24.10.17;43
25.10.17;43
26.10.17;43
27.10.17;43
30.10.17;43
31.10.17;43
01.11.17;43
02.11.17;43
03.11.17;43
06.11.17;43
07.11.17;43
08.11.17;43
09.11.17;43
10.11.17;43
13.11.17;43
14.11.17;43
15.11.17;43
16.11.17;43
17.11.17;43
20.11.17;43
21.11.17;43
22.11.17;43
23.11.17;43
24.11.17;43
27.11.17;43
28.11.17;43
29.11.17;43
30.11.17;43
01.12.17;43
04.12.17;43
05.12.17;43
06.12.17;43
07.12.17;43
08.12.17;43
11.12.17;43
12.12.17;43
13.12.17;43
14.12.17;43
15.12.17;43
18.12.17;43
19.12.17;43
20.12.17;43
21.12.17;43
22.12.17;43
27.12.17;43
28.12.17;43
29.12.17;43
02.01.18;43
03.01.18;43
04.01.18;43
05.01.18;43
08.01.18;43
09.01.18;43
10.01.18;43
11.01.18;43
12.01.18;43
15.01.18;43
16.01.18;43
17.01.18;43
18.01.18;43
19.01.18;43
22.01.18;43
23.01.18;43
24.01.18;43
25.01.18;43
26.01.18;43
29.01.18;43
30.01.18;43
31.01.18;43
01.02.18;43
02.02.18;43
05.02.18;43
06.02.18;43
07.02.18;43
08.02.18;43
09.02.18;43
12.02.18;43
13.02.18;43
14.02.18;43
15.02.18;43
16.02.18;43
19.02.18;43
20.02.18;43
21.02.18;43
22.02.18;43
23.02.18;43
26.02.18;43
27.02.18;43
28.02.18;43
01.03.18;43
02.03.18;43
05.03.18;43
06.03.18;43
07.03.18;42
08.03.18;42
09.03.18;42
12.03.18;42
13.03.18;42
14.03.18;42
15.03.18;42
16.03.18;43
19.03.18;43
20.03.18;43
21.03.18;43
22.03.18;43
23.03.18;43
26.03.18;43
27.03.18;43
28.03.18;43
29.03.18;43
03.04.18;43
04.04.18;43
05.04.18;43
06.04.18;43
09.04.18;43
10.04.18;43
11.04.18;43
12.04.18;43
13.04.18;43
16.04.18;43
17.04.18;43
18.04.18;43
19.04.18;43
20.04.18;43
23.04.18;43
24.04.18;43
25.04.18;43
26.04.18;43
27.04.18;43
30.04.18;43
01.05.18;43
02.05.18;43
03.05.18;43
04.05.18;43
08.05.18;43
09.05.18;43
10.05.18;43
11.05.18;43
14.05.18;43
15.05.18;43
16.05.18;44
17.05.18;44
18.05.18;44
21.05.18;44
22.05.18;44
23.05.18;44
24.05.18;44
25.05.18;44
29.05.18;44
30.05.18;44
31.05.18;44
01.06.18;44
04.06.18;44
05.06.18;44
06.06.18;44
07.06.18;44
08.06.18;44
11.06.18;44
12.06.18;44
13.06.18;44
14.06.18;44
15.06.18;44
18.06.18;44
19.06.18;44
20.06.18;44
21.06.18;44
22.06.18;44
25.06.18;44
26.06.18;44
27.06.18;44
28.06.18;44
29.06.18;44
02.07.18;44
03.07.18;44
04.07.18;44
05.07.18;44
06.07.18;44
09.07.18;44
10.07.18;44
11.07.18;44
12.07.18;44
13.07.18;44
16.07.18;43
17.07.18;44
18.07.18;44
19.07.18;44
20.07.18;44
23.07.18;43
24.07.18;43
25.07.18;44
26.07.18;44
27.07.18;44
30.07.18;44
31.07.18;44
01.08.18;44
02.08.18;44
03.08.18;44
06.08.18;44
07.08.18;44
08.08.18;44
09.08.18;44
10.08.18;44
13.08.18;44
14.08.18;44
15.08.18;44
16.08.18;44
17.08.18;44
20.08.18;44
21.08.18;44
22.08.18;44
23.08.18;44
24.08.18;44
28.08.18;44
29.08.18;44
30.08.18;44
31.08.18;44
03.09.18;44
04.09.18;44
05.09.18;44
06.09.18;44
07.09.18;44
10.09.18;44
11.09.18;44
12.09.18;45
13.09.18;45
14.09.18;45
17.09.18;45
18.09.18;45
19.09.18;45
20.09.18;45
21.09.18;45
24.09.18;45
25.09.18;45
26.09.18;45
27.09.18;45
28.09.18;45
01.10.18;45
02.10.18;45
03.10.18;45
04.10.18;45
05.10.18;45
08.10.18;45
09.10.18;45
10.10.18;45
11.10.18;45
12.10.18;45
15.10.18;45
16.10.18;45
17.10.18;45
18.10.18;45
19.10.18;45
22.10.18;45
23.10.18;45
24.10.18;45
25.10.18;45
26.10.18;45
29.10.18;45
30.10.18;45
31.10.18;45
01.11.18;45
02.11.18;45
05.11.18;45
06.11.18;45
07.11.18;45
08.11.18;45
09.11.18;45
12.11.18;45
13.11.18;45
14.11.18;45
15.11.18;45
16.11.18;45
19.11.18;45
20.11.18;45
21.11.18;45
22.11.18;45
23.11.18;45
26.11.18;45
27.11.18;45
28.11.18;45
29.11.18;45
30.11.18;45
03.12.18;45
04.12.18;45
05.12.18;45
06.12.18;45
07.12.18;45
10.12.18;45
11.12.18;45
12.12.18;45
13.12.18;45
14.12.18;45
17.12.18;45
18.12.18;45
19.12.18;45
20.12.18;45
21.12.18;45
24.12.18;45
27.12.18;45
28.12.18;45
31.12.18;45
02.01.19;45
03.01.19;45
04.01.19;45
07.01.19;45
08.01.19;45
09.01.19;45
10.01.19;45
11.01.19;45
14.01.19;45
15.01.19;45
16.01.19;45
17.01.19;45
18.01.19;45
21.01.19;45
22.01.19;45
23.01.19;45
24.01.19;45
25.01.19;45
28.01.19;45
29.01.19;45
30.01.19;45
31.01.19;45
01.02.19;45
04.02.19;45
05.02.19;45
06.02.19;45
07.02.19;45
08.02.19;45
11.02.19;45
12.02.19;45
13.02.19;45
14.02.19;45
15.02.19;45
18.02.19;45
19.02.19;45
20.02.19;45
21.02.19;45
22.02.19;45
25.02.19;45
26.02.19;45
27.02.19;45
28.02.19;45
01.03.19;45
04.03.19;45
05.03.19;45
06.03.19;45
07.03.19;44
08.03.19;44
11.03.19;44
12.03.19;44
13.03.19;44
14.03.19;44
15.03.19;44
18.03.19;44
19.03.19;44
20.03.19;44
21.03.19;44
22.03.19;44
25.03.19;44
26.03.19;44
27.03.19;44
28.03.19;44
29.03.19;44
01.04.19;44
02.04.19;44
03.04.19;44
04.04.19;44
05.04.19;44
08.04.19;44
09.04.19;44
10.04.19;44
11.04.19;44
12.04.19;44
15.04.19;44
16.04.19;44
17.04.19;44
18.04.19;44
23.04.19;44
24.04.19;44
25.04.19;44
26.04.19;44
29.04.19;44
30.04.19;44
01.05.19;44
02.05.19;44
03.05.19;44
07.05.19;44
08.05.19;44
09.05.19;44
10.05.19;44
13.05.19;44
14.05.19;45
15.05.19;45
16.05.19;45
17.05.19;45
20.05.19;45
21.05.19;45
22.05.19;45
23.05.19;45
24.05.19;45
28.05.19;45
29.05.19;45
30.05.19;45
31.05.19;45
03.06.19;45
04.06.19;45
05.06.19;45
06.06.19;45
07.06.19;45
10.06.19;45
11.06.19;45
12.06.19;45
13.06.19;45
14.06.19;45
17.06.19;45
18.06.19;45
19.06.19;46
20.06.19;46
21.06.19;46
24.06.19;46
25.06.19;46
26.06.19;46
27.06.19;46
28.06.19;46
01.07.19;46
02.07.19;46
03.07.19;47
04.07.19;47
05.07.19;47
08.07.19;47
09.07.19;47
10.07.19;47
11.07.19;47
12.07.19;47
15.07.19;47
16.07.19;47
17.07.19;47
18.07.19;47
19.07.19;47
22.07.19;46
23.07.19;46
24.07.19;46
25.07.19;46
26.07.19;46
29.07.19;46
30.07.19;46
31.07.19;46
01.08.19;46
02.08.19;46
05.08.19;46
06.08.19;46
07.08.19;46
08.08.19;46
09.08.19;46
12.08.19;46
13.08.19;46
14.08.19;46
15.08.19;46
16.08.19;46
19.08.19;46
20.08.19;46
21.08.19;46
22.08.19;46
23.08.19;46
27.08.19;46
28.08.19;46
29.08.19;46
30.08.19;46
02.09.19;46
03.09.19;46
04.09.19;46
05.09.19;46
06.09.19;46
09.09.19;45
10.09.19;45
11.09.19;45
12.09.19;45
13.09.19;45
16.09.19;45
17.09.19;45
18.09.19;45
19.09.19;45
20.09.19;45
23.09.19;45
24.09.19;45
25.09.19;45
26.09.19;45
27.09.19;45
30.09.19;45
01.10.19;45
02.10.19;45
03.10.19;45
04.10.19;45
07.10.19;45
08.10.19;45
09.10.19;45
10.10.19;45
11.10.19;45
14.10.19;45
15.10.19;45
16.10.19;45
17.10.19;45
18.10.19;45
21.10.19;45
22.10.19;45
23.10.19;45
24.10.19;45
25.10.19;45
28.10.19;45
29.10.19;45
30.10.19;45
31.10.19;45
01.11.19;45
04.11.19;45
05.11.19;45
06.11.19;45
07.11.19;45
08.11.19;45
11.11.19;45
12.11.19;45
13.11.19;45
14.11.19;45
15.11.19;45
18.11.19;45
19.11.19;45
20.11.19;45
21.11.19;45
22.11.19;45
25.11.19;45
26.11.19;45
27.11.19;45
28.11.19;45
29.11.19;45
02.12.19;45
03.12.19;45
04.12.19;45
05.12.19;45
06.12.19;45
09.12.19;45
10.12.19;44
11.12.19;45
12.12.19;45
13.12.19;45
16.12.19;45
17.12.19;45
18.12.19;45
19.12.19;45
20.12.19;45
23.12.19;45
24.12.19;45
27.12.19;45
30.12.19;45
31.12.19;45
02.01.20;45
03.01.20;45
06.01.20;45
07.01.20;45
08.01.20;45
09.01.20;45
10.01.20;45
13.01.20;45
14.01.20;45
15.01.20;45
16.01.20;45
17.01.20;45
20.01.20;45
21.01.20;45
22.01.20;46
23.01.20;46
24.01.20;46
27.01.20;46
28.01.20;46
29.01.20;46
30.01.20;46
31.01.20;46
03.02.20;46
04.02.20;46
05.02.20;46
06.02.20;46
07.02.20;46
10.02.20;46
11.02.20;46
12.02.20;46
13.02.20;46
14.02.20;46
17.02.20;46
18.02.20;46
19.02.20;46
20.02.20;46
21.02.20;46
24.02.20;46
25.02.20;46
26.02.20;46
27.02.20;46
28.02.20;46
02.03.20;46
03.03.20;46
04.03.20;46
05.03.20;46
06.03.20;46
09.03.20;45
10.03.20;45
11.03.20;45
12.03.20;45
13.03.20;45
16.03.20;45
17.03.20;45
18.03.20;45
19.03.20;45
20.03.20;45
23.03.20;45
24.03.20;45
25.03.20;45
26.03.20;45
27.03.20;45
30.03.20;45
31.03.20;45
01.04.20;45
02.04.20;45
03.04.20;45
06.04.20;45
07.04.20;45
08.04.20;46
09.04.20;46
14.04.20;46
15.04.20;46
16.04.20;46
17.04.20;46
20.04.20;46
21.04.20;46
22.04.20;46
23.04.20;46
24.04.20;46
27.04.20;46
28.04.20;46
29.04.20;46
30.04.20;46
01.05.20;46
04.05.20;46
05.05.20;46
06.05.20;46
07.05.20;46
11.05.20;46
12.05.20;46
13.05.20;47
14.05.20;47
15.05.20;47
18.05.20;47
19.05.20;47
20.05.20;48
21.05.20;48
22.05.20;48
26.05.20;48
27.05.20;48
28.05.20;48
29.05.20;48
01.06.20;48
02.06.20;48
03.06.20;49
04.06.20;49
05.06.20;49
08.06.20;49
09.06.20;49
10.06.20;50
11.06.20;50
12.06.20;51
15.06.20;51
16.06.20;51
17.06.20;51
18.06.20;51
19.06.20;51
22.06.20;51
23.06.20;51
24.06.20;51
25.06.20;51
26.06.20;51
29.06.20;51
30.06.20;51
01.07.20;51
02.07.20;51
03.07.20;51
06.07.20;51
07.07.20;51
08.07.20;51
09.07.20;51
10.07.20;51
13.07.20;51
14.07.20;51
15.07.20;51
16.07.20;51
17.07.20;51
20.07.20;51
21.07.20;51
22.07.20;50
23.07.20;50
24.07.20;50
27.07.20;50
28.07.20;50
29.07.20;50
30.07.20;50
31.07.20;50
03.08.20;50
04.08.20;50
05.08.20;50
06.08.20;50
07.08.20;50
10.08.20;50
11.08.20;50
12.08.20;50
13.08.20;50
14.08.20;50
17.08.20;50
18.08.20;50
19.08.20;50
20.08.20;50
21.08.20;50
24.08.20;50
25.08.20;50
26.08.20;50
27.08.20;50
28.08.20;50
01.09.20;50
02.09.20;50
03.09.20;50
04.09.20;50
07.09.20;49
08.09.20;49
09.09.20;50
10.09.20;50
11.09.20;50
14.09.20;50
15.09.20;50
16.09.20;50
17.09.20;50
18.09.20;50
21.09.20;50
22.09.20;50
23.09.20;50
24.09.20;50
25.09.20;50
28.09.20;50
29.09.20;50
30.09.20;50
01.10.20;50
02.10.20;50
05.10.20;50
06.10.20;50
07.10.20;51
08.10.20;51
09.10.20;51
12.10.20;51
13.10.20;51
14.10.20;51
15.10.20;51
16.10.20;51
19.10.20;51
20.10.20;51
21.10.20;51
22.10.20;51
23.10.20;51
26.10.20;51
27.10.20;51
28.10.20;51
29.10.20;51
30.10.20;51
02.11.20;51
03.11.20;51
04.11.20;51
05.11.20;51
06.11.20;51
09.11.20;51
10.11.20;51
11.11.20;51
12.11.20;51
13.11.20;52
16.11.20;52
17.11.20;52
18.11.20;52
19.11.20;52
20.11.20;52
23.11.20;52
24.11.20;52
25.11.20;52
26.11.20;52
27.11.20;52
30.11.20;52
01.12.20;52
02.12.20;52
03.12.20;52
04.12.20;52
07.12.20;52
08.12.20;52
09.12.20;52
10.12.20;52
11.12.20;52
14.12.20;52
15.12.20;52
16.12.20;52
17.12.20;52
18.12.20;52
21.12.20;52
22.12.20;52
23.12.20;52
24.12.20;52
29.12.20;52
30.12.20;52
31.12.20;52
04.01.21;52
05.01.21;52
06.01.21;52
07.01.21;52
08.01.21;52
11.01.21;52
12.01.21;52
13.01.21;52
14.01.21;52
15.01.21;52
18.01.21;52
19.01.21;52
20.01.21;53
21.01.21;53
22.01.21;52
25.01.21;52
26.01.21;52
27.01.21;52
28.01.21;52
29.01.21;52
01.02.21;52
02.02.21;52
03.02.21;52
04.02.21;52
05.02.21;52
08.02.21;52
09.02.21;52
10.02.21;52
11.02.21;52
12.02.21;52
15.02.21;52
16.02.21;52
17.02.21;52
18.02.21;52
19.02.21;52
22.02.21;52
23.02.21;52
24.02.21;52
25.02.21;52
26.02.21;52
01.03.21;52
02.03.21;52
03.03.21;53
04.03.21;53
05.03.21;53
08.03.21;53
09.03.21;53
10.03.21;53
11.03.21;53
12.03.21;53
15.03.21;53
16.03.21;53
17.03.21;53
18.03.21;53
19.03.21;53
22.03.21;53
23.03.21;53
24.03.21;53
25.03.21;53
26.03.21;53
29.03.21;53
30.03.21;53
31.03.21;53
01.04.21;53
06.04.21;53
07.04.21;53
08.04.21;53
09.04.21;53
12.04.21;53
13.04.21;53
14.04.21;53
15.04.21;53
16.04.21;53
19.04.21;53
20.04.21;53
21.04.21;53
22.04.21;53
23.04.21;53
26.04.21;53
27.04.21;53
28.04.21;54
29.04.21;54
30.04.21;54
04.05.21;54
05.05.21;54
06.05.21;54
07.05.21;54
10.05.21;54
11.05.21;54
12.05.21;54
13.05.21;54
14.05.21;54
17.05.21;54
18.05.21;54
19.05.21;54
20.05.21;54
21.05.21;54
24.05.21;54
25.05.21;54
26.05.21;54
27.05.21;54
28.05.21;54
01.06.21;54
02.06.21;54
03.06.21;54
04.06.21;54
07.06.21;53
08.06.21;53
09.06.21;53
10.06.21;53
11.06.21;53
14.06.21;53
15.06.21;53
16.06.21;53
17.06.21;53
18.06.21;53
21.06.21;53
22.06.21;53
23.06.21;53
24.06.21;53
25.06.21;53
28.06.21;53
29.06.21;53
30.06.21;53
01.07.21;53
02.07.21;54
05.07.21;54
06.07.21;54
07.07.21;54
08.07.21;54
09.07.21;54
12.07.21;54
13.07.21;54
14.07.21;55
15.07.21;55
16.07.21;55
19.07.21;55
20.07.21;55
21.07.21;55
22.07.21;55
23.07.21;55
26.07.21;55
27.07.21;55
28.07.21;55
29.07.21;55
30.07.21;55
02.08.21;55
03.08.21;55
04.08.21;55
05.08.21;55
06.08.21;55
09.08.21;55
10.08.21;55
11.08.21;55
12.08.21;55
13.08.21;55
16.08.21;55
17.08.21;55
18.08.21;55
19.08.21;55
20.08.21;55
23.08.21;55
24.08.21;55
25.08.21;55
26.08.21;55
27.08.21;55
31.08.21;55
01.09.21;55
02.09.21;56
03.09.21;56
06.09.21;56
07.09.21;55
08.09.21;55
09.09.21;55
10.09.21;55
13.09.21;55
14.09.21;55
15.09.21;55
16.09.21;55
17.09.21;55
20.09.21;55
21.09.21;55
22.09.21;56
23.09.21;56
24.09.21;56
27.09.21;56
28.09.21;56
29.09.21;56
30.09.21;56
01.10.21;56
04.10.21;56
05.10.21;56
06.10.21;56
07.10.21;56
08.10.21;56
11.10.21;56
12.10.21;56
13.10.21;56
14.10.21;56
15.10.21;56
18.10.21;56
19.10.21;56
20.10.21;56
21.10.21;56
22.10.21;57
25.10.21;57
26.10.21;57
27.10.21;57
28.10.21;57
29.10.21;57
01.11.21;57
02.11.21;57
03.11.21;57
04.11.21;57
05.11.21;57
08.11.21;57
09.11.21;57
10.11.21;57
11.11.21;57
12.11.21;57
15.11.21;57
16.11.21;57
17.11.21;57
18.11.21;57
19.11.21;57
22.11.21;57
23.11.21;57
24.11.21;57
25.11.21;57
26.11.21;57
29.11.21;57
30.11.21;57
01.12.21;57
02.12.21;58
03.12.21;58
06.12.21;58
07.12.21;58
08.12.21;58
09.12.21;58
10.12.21;58
13.12.21;58
14.12.21;58
15.12.21;58
16.12.21;58
17.12.21;58
20.12.21;58
21.12.21;58
22.12.21;58
23.12.21;58
24.12.21;58
29.12.21;58
30.12.21;58
31.12.21;58
04.01.22;58
05.01.22;58
06.01.22;58
07.01.22;58
10.01.22;58
11.01.22;58
12.01.22;58
13.01.22;58
14.01.22;58
17.01.22;58
18.01.22;58
19.01.22;58
20.01.22;58
21.01.22;58
24.01.22;58
25.01.22;58
26.01.22;58
27.01.22;58
28.01.22;58
31.01.22;58
01.02.22;58
02.02.22;58
03.02.22;58
04.02.22;58
07.02.22;58
08.02.22;58
09.02.22;59
10.02.22;59
11.02.22;59
14.02.22;59
15.02.22;59
16.02.22;59
17.02.22;59
18.02.22;59
21.02.22;59
22.02.22;59
23.02.22;59
24.02.22;59
25.02.22;59
28.02.22;59
01.03.22;59
02.03.22;59
03.03.22;59
04.03.22;59
07.03.22;58
08.03.22;58
09.03.22;58
10.03.22;58
11.03.22;58
14.03.22;58
15.03.22;58
16.03.22;58
17.03.22;58
18.03.22;58
21.03.22;58
22.03.22;58
23.03.22;58
24.03.22;58
25.03.22;58
28.03.22;58
29.03.22;58
30.03.22;58
31.03.22;58
01.04.22;58
04.04.22;58
05.04.22;58
06.04.22;58
07.04.22;58
08.04.22;58
11.04.22;58
12.04.22;58
13.04.22;58
14.04.22;58
19.04.22;58
20.04.22;58
21.04.22;58
22.04.22;58
25.04.22;58
26.04.22;58
27.04.22;58
28.04.22;58
29.04.22;58
03.05.22;58
04.05.22;58
05.05.22;58
06.05.22;58
09.05.22;58
10.05.22;58
11.05.22;58
12.05.22;58
13.05.22;58
16.05.22;58
17.05.22;58
18.05.22;58
19.05.22;58
20.05.22;58
23.05.22;58
24.05.22;58
25.05.22;58
26.05.22;58
27.05.22;58
30.05.22;58
31.05.22;58
01.06.22;58
06.06.22;58
07.06.22;58
08.06.22;58
09.06.22;58
10.06.22;58
13.06.22;58
14.06.22;58
15.06.22;58
16.06.22;58
17.06.22;58
20.06.22;58
21.06.22;58
22.06.22;58
23.06.22;58
24.06.22;58
27.06.22;58
28.06.22;58
29.06.22;58
30.06.22;58
01.07.22;58
04.07.22;58
05.07.22;58
06.07.22;58
07.07.22;58
08.07.22;58
11.07.22;58
12.07.22;58
13.07.22;58
14.07.22;58
15.07.22;58
18.07.22;58
19.07.22;58
20.07.22;58
21.07.22;58
22.07.22;57
25.07.22;57
26.07.22;57
27.07.22;57
28.07.22;57
29.07.22;57
01.08.22;57
02.08.22;57
03.08.22;57
04.08.22;57
05.08.22;57